a√±o,mes,punto_cruce,punto_referencia,cantidad_ciclistas
2010,Abril,Virrey Cevallos y Chile,PB1,1004
2010,Abril,Azopar-do y Mexico,PB2,349
2010,Abril,Rincon y Carlos Calvo,PB3,1098
2010,Abril,Virrey Liniers y C.Calvo,PB6,422
2010,Abril,Billin-ghurst y Peron,PB10,1116
2010,Abril,Del Liber-tador y Montevideo,PB11,858
2010,Abril,Corredor Norte y Casares,PB12,808
2010,Abril,EEUU y 33 Orientales,PB32,216
2010,Abril,F. Alcorta y Derecho,PB36,1091
2010,Abril,Montev y Peron,PB37,302
2010,Abril,Cnel. Diaz y Mansilla,PB48,205
2010,Abril,Arenales y Montevideo,PB52,445
2010,Mayo,Virrey Cevallos y Chile,PB1,1043
2010,Mayo,Azopar-do y Mexico,PB2,391
2010,Mayo,Rincon y Carlos Calvo,PB3,923
2010,Mayo,Virrey Liniers y C.Calvo,PB6,545
2010,Mayo,Billin-ghurst y Peron,PB10,986
2010,Mayo,Del Liber-tador y Montevideo,PB11,753
2010,Mayo,Corredor Norte y Casares,PB12,573
2010,Mayo,EEUU y 33 Orientales,PB32,191
2010,Mayo,F. Alcorta y Derecho,PB36,964
2010,Mayo,Montev y Peron,PB37,267
2010,Mayo,Cnel. Diaz y Mansilla,PB48,181
2010,Mayo,Arenales y Montevideo,PB52,393
2010,Junio,Virrey Cevallos y Chile,PB1,898
2010,Junio,Azopar-do y Mexico,PB2,420
2010,Junio,Rincon y Carlos Calvo,PB3,1021
2010,Junio,Virrey Liniers y C.Calvo,PB6,443
2010,Junio,Billin-ghurst y Peron,PB10,877
2010,Junio,Del Liber-tador y Montevideo,PB11,676
2010,Junio,Corredor Norte y Casares,PB12,621
2010,Junio,EEUU y 33 Orientales,PB32,170
2010,Junio,F. Alcorta y Derecho,PB36,856
2010,Junio,Montev y Peron,PB37,237
2010,Junio,Cnel. Diaz y Mansilla,PB48,161
2010,Junio,Arenales y Montevideo,PB52,349
2010,Julio,Virrey Cevallos y Chile,PB1,681
2010,Julio,Azopar-do y Mexico,PB2,379
2010,Julio,Rincon y Carlos Calvo,PB3,883
2010,Julio,Virrey Liniers y C.Calvo,PB6,263
2010,Julio,Billin-ghurst y Peron,PB10,732
2010,Julio,Del Liber-tador y Montevideo,PB11,558
2010,Julio,Corredor Norte y Casares,PB12,622
2010,Julio,EEUU y 33 Orientales,PB32,142
2010,Julio,F. Alcorta y Derecho,PB36,715
2010,Julio,Montev y Peron,PB37,198
2010,Julio,Cnel. Diaz y Mansilla,PB48,135
2010,Julio,Arenales y Montevideo,PB52,292
2010,Agosto,Virrey Cevallos y Chile,PB1,851
2010,Agosto,Azopar-do y Mexico,PB2,354
2010,Agosto,Rincon y Carlos Calvo,PB3,734
2010,Agosto,Virrey Liniers y C.Calvo,PB6,352
2010,Agosto,Billin-ghurst y Peron,PB10,806
2010,Agosto,Del Liber-tador y Montevideo,PB11,618
2010,Agosto,Corredor Norte y Casares,PB12,515
2010,Agosto,EEUU y 33 Orientales,PB32,156
2010,Agosto,F. Alcorta y Derecho,PB36,788
2010,Agosto,Montev y Peron,PB37,218
2010,Agosto,Cnel. Diaz y Mansilla,PB48,148
2010,Agosto,Arenales y Montevideo,PB52,321
2010,Sept,Virrey Cevallos y Chile,PB1,973
2010,Sept,Azopar-do y Mexico,PB2,573
2010,Sept,Rincon y Carlos Calvo,PB3,1147
2010,Sept,Virrey Liniers y C.Calvo,PB6,540
2010,Sept,Billin-ghurst y Peron,PB10,869
2010,Sept,Del Liber-tador y Montevideo,PB11,661
2010,Sept,Corredor Norte y Casares,PB12,887
2010,Sept,EEUU y 33 Orientales,PB32,276
2010,Sept,F. Alcorta y Derecho,PB36,849
2010,Sept,Montev y Peron,PB37,235
2010,Sept,Cnel. Diaz y Mansilla,PB48,160
2010,Sept,Arenales y Montevideo,PB52,346
2010,Octubre,Virrey Cevallos y Chile,PB1,1005
2010,Octubre,Azopar-do y Mexico,PB2,529
2010,Octubre,Rincon y Carlos Calvo,PB3,1135
2010,Octubre,Virrey Liniers y C.Calvo,PB6,788
2010,Octubre,Billin-ghurst y Peron,PB10,954
2010,Octubre,Del Liber-tador y Montevideo,PB11,731
2010,Octubre,Corredor Norte y Casares,PB12,1053
2010,Octubre,EEUU y 33 Orientales,PB32,369
2010,Octubre,F. Alcorta y Derecho,PB36,932
2010,Octubre,Montev y Peron,PB37,258
2010,Octubre,Cnel. Diaz y Mansilla,PB48,175
2010,Octubre,Arenales y Montevideo,PB52,380
2010,Noviembre,Virrey Cevallos y Chile,PB1,962
2010,Noviembre,Azopar-do y Mexico,PB2,779
2010,Noviembre,Rincon y Carlos Calvo,PB3,1273
2010,Noviembre,Virrey Liniers y C.Calvo,PB6,853
2010,Noviembre,Billin-ghurst y Peron,PB10,1542
2010,Noviembre,Del Liber-tador y Montevideo,PB11,794
2010,Noviembre,Corredor Norte y Casares,PB12,1010
2010,Noviembre,EEUU y 33 Orientales,PB32,403
2010,Noviembre,F. Alcorta y Derecho,PB36,1010
2010,Noviembre,Montev y Peron,PB37,279
2010,Noviembre,Cnel. Diaz y Mansilla,PB48,190
2010,Noviembre,Arenales y Montevideo,PB52,412
2010,Diciembre,Virrey Cevallos y Chile,PB1,985
2010,Diciembre,Azopar-do y Mexico,PB2,706
2010,Diciembre,Rincon y Carlos Calvo,PB3,1554
2010,Diciembre,Virrey Liniers y C.Calvo,PB6,753
2010,Diciembre,Billin-ghurst y Peron,PB10,1825
2010,Diciembre,Del Liber-tador y Montevideo,PB11,771
2010,Diciembre,Corredor Norte y Casares,PB12,1153
2010,Diciembre,EEUU y 33 Orientales,PB32,461
2010,Diciembre,F. Alcorta y Derecho,PB36,910
2010,Diciembre,Montev y Peron,PB37,248
2010,Diciembre,Cnel. Diaz y Mansilla,PB48,169
2010,Diciembre,Arenales y Montevideo,PB52,365
2011,Enero,Virrey Cevallos y Chile,PB1,955
2011,Enero,Azopar-do y Mexico,PB2,560
2011,Enero,Rincon y Carlos Calvo,PB3,1217
2011,Enero,Virrey Liniers y C.Calvo,PB6,907
2011,Enero,Billin-ghurst y Peron,PB10,1583
2011,Enero,Del Liber-tador y Montevideo,PB11,902
2011,Enero,Corredor Norte y Casares,PB12,1417
2011,Enero,EEUU y 33 Orientales,PB32,502
2011,Enero,F. Alcorta y Derecho,PB36,962
2011,Enero,Montev y Peron,PB37,373
2011,Enero,Potosi y Rawson,PB39,523
2011,Enero,J. Alvarez y Padilla,PB40,191
2011,Enero,Cnel. Diaz y Mansilla,PB48,316
2011,Enero,Arenales y Montevideo,PB52,474
2011,Febrero,Virrey Cevallos y Chile,PB1,1006
2011,Febrero,Azopar-do y Mexico,PB2,590
2011,Febrero,Rincon y Carlos Calvo,PB3,1279
2011,Febrero,Virrey Liniers y C.Calvo,PB6,843
2011,Febrero,Billin-ghurst y Peron,PB10,1671
2011,Febrero,Del Liber-tador y Montevideo,PB11,1173
2011,Febrero,Corredor Norte y Casares,PB12,1463
2011,Febrero,EEUU y 33 Orientales,PB32,643
2011,Febrero,F. Alcorta y Derecho,PB36,1132
2011,Febrero,Montev y Peron,PB37,394
2011,Febrero,Potosi y Rawson,PB39,407
2011,Febrero,J. Alvarez y Padilla,PB40,201
2011,Febrero,Cnel. Diaz y Mansilla,PB48,334
2011,Febrero,Arenales y Montevideo,PB52,500
2011,Marzo,Virrey Cevallos y Chile,PB1,1251
2011,Marzo,Azopar-do y Mexico,PB2,673
2011,Marzo,Rincon y Carlos Calvo,PB3,1166
2011,Marzo,Virrey Liniers y C.Calvo,PB6,1103
2011,Marzo,Billin-ghurst y Peron,PB10,1957
2011,Marzo,Del Liber-tador y Montevideo,PB11,1098
2011,Marzo,Corredor Norte y Casares,PB12,1756
2011,Marzo,EEUU y 33 Orientales,PB32,695
2011,Marzo,F. Alcorta y Derecho,PB36,1334
2011,Marzo,Montev y Peron,PB37,976
2011,Marzo,Potosi y Rawson,PB39,444
2011,Marzo,J. Alvarez y Padilla,PB40,306
2011,Marzo,Cnel. Diaz y Mansilla,PB48,373
2011,Marzo,Arenales y Montevideo,PB52,558
2011,Abril,Virrey Cevallos y Chile,PB1,1444
2011,Abril,Azopar-do y Mexico,PB2,879
2011,Abril,Rincon y Carlos Calvo,PB3,1167
2011,Abril,Virrey Liniers y C.Calvo,PB6,815
2011,Abril,Billin-ghurst y Peron,PB10,2438
2011,Abril,Del Liber-tador y Montevideo,PB11,1473
2011,Abril,Corredor Norte y Casares,PB12,2075
2011,Abril,EEUU y 33 Orientales,PB32,815
2011,Abril,F. Alcorta y Derecho,PB36,1215
2011,Abril,Montev y Peron,PB37,1166
2011,Abril,Potosi y Rawson,PB39,676
2011,Abril,J. Alvarez y Padilla,PB40,404
2011,Abril,Cnel. Diaz y Mansilla,PB48,381
2011,Abril,Arenales y Montevideo,PB52,571
2011,Mayo,Virrey Cevallos y Chile,PB1,1250
2011,Mayo,Azopar-do y Mexico,PB2,564
2011,Mayo,Rincon y Carlos Calvo,PB3,1009
2011,Mayo,Virrey Liniers y C.Calvo,PB6,1168
2011,Mayo,Billin-ghurst y Peron,PB10,2072
2011,Mayo,Del Liber-tador y Montevideo,PB11,1729
2011,Mayo,Corredor Norte y Casares,PB12,2044
2011,Mayo,EEUU y 33 Orientales,PB32,783
2011,Mayo,F. Alcorta y Derecho,PB36,1366
2011,Mayo,Montev y Peron,PB37,1075
2011,Mayo,Potosi y Rawson,PB39,706
2011,Mayo,J. Alvarez y Padilla,PB40,317
2011,Mayo,Cnel. Diaz y Mansilla,PB48,337
2011,Mayo,Arenales y Montevideo,PB52,504
2011,Junio,Virrey Cevallos y Chile,PB1,1336
2011,Junio,Azopar-do y Mexico,PB2,584
2011,Junio,Rincon y Carlos Calvo,PB3,1059
2011,Junio,Virrey Liniers y C.Calvo,PB6,752
2011,Junio,Billin-ghurst y Peron,PB10,1964
2011,Junio,Del Liber-tador y Montevideo,PB11,1559
2011,Junio,Corredor Norte y Casares,PB12,1738
2011,Junio,EEUU y 33 Orientales,PB32,616
2011,Junio,F. Alcorta y Derecho,PB36,1093
2011,Junio,Montev y Peron,PB37,925
2011,Junio,Potosi y Rawson,PB39,468
2011,Junio,J. Alvarez y Padilla,PB40,223
2011,Junio,Cnel. Diaz y Mansilla,PB48,300
2011,Junio,Arenales y Montevideo,PB52,448
2011,Julio,Virrey Cevallos y Chile,PB1,1149
2011,Julio,Azopar-do y Mexico,PB2,533
2011,Julio,Rincon y Carlos Calvo,PB3,740
2011,Julio,Virrey Liniers y C.Calvo,PB6,663
2011,Julio,Billin-ghurst y Peron,PB10,1555
2011,Julio,Del Liber-tador y Montevideo,PB11,969
2011,Julio,Corredor Norte y Casares,PB12,1168
2011,Julio,EEUU y 33 Orientales,PB32,490
2011,Julio,F. Alcorta y Derecho,PB36,821
2011,Julio,Montev y Peron,PB37,809
2011,Julio,Potosi y Rawson,PB39,441
2011,Julio,J. Alvarez y Padilla,PB40,243
2011,Julio,Cnel. Diaz y Mansilla,PB48,250
2011,Julio,Arenales y Montevideo,PB52,374
2011,Agosto,Virrey Cevallos y Chile,PB1,919
2011,Agosto,Azopar-do y Mexico,PB2,504
2011,Agosto,Rincon y Carlos Calvo,PB3,758
2011,Agosto,Virrey Liniers y C.Calvo,PB6,586
2011,Agosto,Billin-ghurst y Peron,PB10,1387
2011,Agosto,Del Liber-tador y Montevideo,PB11,950
2011,Agosto,Corredor Norte y Casares,PB12,1230
2011,Agosto,EEUU y 33 Orientales,PB32,441
2011,Agosto,F. Alcorta y Derecho,PB36,786
2011,Agosto,Montev y Peron,PB37,870
2011,Agosto,Potosi y Rawson,PB39,419
2011,Agosto,J. Alvarez y Padilla,PB40,238
2011,Agosto,Cnel. Diaz y Mansilla,PB48,275
2011,Agosto,Arenales y Montevideo,PB52,412
2011,Septiembre,Virrey Cevallos y Chile,PB1,1267
2011,Septiembre,Azopar-do y Mexico,PB2,587
2011,Septiembre,Rincon y Carlos Calvo,PB3,873
2011,Septiembre,Virrey Liniers y C.Calvo,PB6,684
2011,Septiembre,Billin-ghurst y Peron,PB10,1910
2011,Septiembre,Del Liber-tador y Montevideo,PB11,1308
2011,Septiembre,Corredor Norte y Casares,PB12,1906
2011,Septiembre,EEUU y 33 Orientales,PB32,657
2011,Septiembre,F. Alcorta y Derecho,PB36,1411
2011,Septiembre,Montev y Peron,PB37,893
2011,Septiembre,Potosi y Rawson,PB39,666
2011,Septiembre,J. Alvarez y Padilla,PB40,359
2011,Septiembre,Cnel. Diaz y Mansilla,PB48,297
2011,Septiembre,Arenales y Montevideo,PB52,445
2011,Octubre,Virrey Cevallos y Chile,PB1,1543
2011,Octubre,Azopar-do y Mexico,PB2,696
2011,Octubre,Rincon y Carlos Calvo,PB3,1142
2011,Octubre,Virrey Liniers y C.Calvo,PB6,1008
2011,Octubre,Billin-ghurst y Peron,PB10,2501
2011,Octubre,Del Liber-tador y Montevideo,PB11,2157
2011,Octubre,Corredor Norte y Casares,PB12,3310
2011,Octubre,EEUU y 33 Orientales,PB32,838
2011,Octubre,F. Alcorta y Derecho,PB36,1680
2011,Octubre,Montev y Peron,PB37,1063
2011,Octubre,Potosi y Rawson,PB39,802
2011,Octubre,J. Alvarez y Padilla,PB40,387
2011,Octubre,Cnel. Diaz y Mansilla,PB48,326
2011,Octubre,Arenales y Montevideo,PB52,488
2011,Noviembre,Virrey Cevallos y Chile,PB1,1712
2011,Noviembre,Azopar-do y Mexico,PB2,815
2011,Noviembre,Rincon y Carlos Calvo,PB3,1049
2011,Noviembre,Virrey Liniers y C.Calvo,PB6,1062
2011,Noviembre,Billin-ghurst y Peron,PB10,2986
2011,Noviembre,Del Liber-tador y Montevideo,PB11,2493
2011,Noviembre,Corredor Norte y Casares,PB12,3245
2011,Noviembre,EEUU y 33 Orientales,PB32,952
2011,Noviembre,F. Alcorta y Derecho,PB36,2012
2011,Noviembre,Montev y Peron,PB37,1220
2011,Noviembre,Potosi y Rawson,PB39,837
2011,Noviembre,J. Alvarez y Padilla,PB40,492
2011,Noviembre,Chile y Tacuari,PB44,784
2011,Noviembre,Serrano y Loyola,PB45,684
2011,Noviembre,Gorriti y G. Cruz,PB46,1175
2011,Noviembre,Cnel. Diaz y Mansilla,PB48,353
2011,Noviembre,Arenales y Montevideo,PB52,528
2011,Diciembre,Virrey Cevallos y Chile,PB1,1567
2011,Diciembre,Azopar-do y Mexico,PB2,749
2011,Diciembre,Rincon y Carlos Calvo,PB3,1342
2011,Diciembre,Virrey Liniers y C.Calvo,PB6,1141
2011,Diciembre,Billin-ghurst y Peron,PB10,2541
2011,Diciembre,Del Liber-tador y Montevideo,PB11,2109
2011,Diciembre,Corredor Norte y Casares,PB12,2875
2011,Diciembre,EEUU y 33 Orientales,PB32,875
2011,Diciembre,F. Alcorta y Derecho,PB36,1440
2011,Diciembre,Montev y Peron,PB37,1081
2011,Diciembre,Potosi y Rawson,PB39,761
2011,Diciembre,J. Alvarez y Padilla,PB40,478
2011,Diciembre,Chile y Tacuari,PB44,871
2011,Diciembre,Serrano y Loyola,PB45,637
2011,Diciembre,Gorriti y G. Cruz,PB46,1435
2011,Diciembre,Cnel. Diaz y Mansilla,PB48,313
2011,Diciembre,Arenales y Montevideo,PB52,469
2012,Enero,Virrey Cevallos y Chile,PB1,1145
2012,Enero,Azopar-do y Mexico,PB2,507
2012,Enero,Rincon y Carlos Calvo,PB3,1067
2012,Enero,Virrey Liniers y C.Calvo,PB6,1093
2012,Enero,Billin-ghurst y Peron,PB10,1981
2012,Enero,Del Liber-tador y Montevideo,PB11,1673
2012,Enero,Corredor Norte y Casares,PB12,2906
2012,Enero,EEUU y 33 Orientales,PB32,751
2012,Enero,F. Alcorta y Derecho,PB36,834
2012,Enero,Montev y Peron,PB37,1043
2012,Enero,Potosi y Rawson,PB39,745
2012,Enero,J. Alvarez y Padilla,PB40,383
2012,Enero,Chile y Tacuari,PB44,680
2012,Enero,Serrano y Loyola,PB45,890
2012,Enero,Gorriti y G. Cruz,PB46,1615
2012,Enero,Cnel. Diaz y Mansilla,PB48,719
2012,Enero,11 de Sep y Monroe,PB49,401
2012,Enero,Arenales y Montevideo,PB52,459
2012,Febrero,Virrey Cevallos y Chile,PB1,884
2012,Febrero,Azopar-do y Mexico,PB2,547
2012,Febrero,Rincon y Carlos Calvo,PB3,1546
2012,Febrero,Virrey Liniers y C.Calvo,PB6,982
2012,Febrero,Billin-ghurst y Peron,PB10,2008
2012,Febrero,Del Liber-tador y Montevideo,PB11,1222
2012,Febrero,Corredor Norte y Casares,PB12,1839
2012,Febrero,EEUU y 33 Orientales,PB32,681
2012,Febrero,F. Alcorta y Derecho,PB36,1436
2012,Febrero,Montev y Peron,PB37,1080
2012,Febrero,Potosi y Rawson,PB39,576
2012,Febrero,J. Alvarez y Padilla,PB40,409
2012,Febrero,Chile y Tacuari,PB44,794
2012,Febrero,Serrano y Loyola,PB45,1057
2012,Febrero,Gorriti y G. Cruz,PB46,1634
2012,Febrero,Cnel. Diaz y Mansilla,PB48,1047
2012,Febrero,11 de Sep y Monroe,PB49,445
2012,Febrero,Arenales y Montevideo,PB52,446
2012,Marzo,Virrey Cevallos y Chile,PB1,1744
2012,Marzo,Azopar-do y Mexico,PB2,783
2012,Marzo,Rincon y Carlos Calvo,PB3,1390
2012,Marzo,Virrey Liniers y C.Calvo,PB6,867
2012,Marzo,Billin-ghurst y Peron,PB10,2742
2012,Marzo,Del Liber-tador y Montevideo,PB11,1912
2012,Marzo,Corredor Norte y Casares,PB12,3198
2012,Marzo,EEUU y 33 Orientales,PB32,1138
2012,Marzo,F. Alcorta y Derecho,PB36,1831
2012,Marzo,Montev y Peron,PB37,1433
2012,Marzo,Potosi y Rawson,PB39,826
2012,Marzo,J. Alvarez y Padilla,PB40,663
2012,Marzo,Chile y Tacuari,PB44,944
2012,Marzo,Serrano y Loyola,PB45,977
2012,Marzo,Gorriti y G. Cruz,PB46,1744
2012,Marzo,Cnel. Diaz y Mansilla,PB48,1314
2012,Marzo,11 de Sep y Monroe,PB49,545
2012,Marzo,Arenales y Montevideo,PB52,454
2012,Abril,Virrey Cevallos y Chile,PB1,1857
2012,Abril,Azopar-do y Mexico,PB2,612
2012,Abril,Rincon y Carlos Calvo,PB3,1635
2012,Abril,Virrey Liniers y C.Calvo,PB6,1130
2012,Abril,Billin-ghurst y Peron,PB10,3023
2012,Abril,Del Liber-tador y Montevideo,PB11,2173
2012,Abril,Corredor Norte y Casares,PB12,2803
2012,Abril,EEUU y 33 Orientales,PB32,1126
2012,Abril,F. Alcorta y Derecho,PB36,1745
2012,Abril,Montev y Peron,PB37,2047
2012,Abril,Potosi y Rawson,PB39,858
2012,Abril,J. Alvarez y Padilla,PB40,793
2012,Abril,Chile y Tacuari,PB44,871
2012,Abril,Serrano y Loyola,PB45,1066
2012,Abril,Gorriti y G. Cruz,PB46,2124
2012,Abril,Cnel. Diaz y Mansilla,PB48,1420
2012,Abril,11 de Sep y Monroe,PB49,750
2012,Abril,Arenales y Montevideo,PB52,431
2012,Mayo,Virrey Cevallos y Chile,PB1,1712
2012,Mayo,Azopar-do y Mexico,PB2,614
2012,Mayo,Rincon y Carlos Calvo,PB3,1552
2012,Mayo,Virrey Liniers y C.Calvo,PB6,1332
2012,Mayo,Billin-ghurst y Peron,PB10,3305
2012,Mayo,Del Liber-tador y Montevideo,PB11,2388
2012,Mayo,Corredor Norte y Casares,PB12,2407
2012,Mayo,EEUU y 33 Orientales,PB32,936
2012,Mayo,F. Alcorta y Derecho,PB36,1907
2012,Mayo,Montev y Peron,PB37,2035
2012,Mayo,Potosi y Rawson,PB39,854
2012,Mayo,J. Alvarez y Padilla,PB40,628
2012,Mayo,Chile y Tacuari,PB44,975
2012,Mayo,Serrano y Loyola,PB45,913
2012,Mayo,Gorriti y G. Cruz,PB46,1903
2012,Mayo,Cnel. Diaz y Mansilla,PB48,1622
2012,Mayo,11 de Sep y Monroe,PB49,693
2012,Mayo,Arenales y Montevideo,PB52,413
2012,Junio,Virrey Cevallos y Chile,PB1,1721
2012,Junio,Azopar-do y Mexico,PB2,557
2012,Junio,Rincon y Carlos Calvo,PB3,1273
2012,Junio,Virrey Liniers y C.Calvo,PB6,1147
2012,Junio,Billin-ghurst y Peron,PB10,2643
2012,Junio,Del Liber-tador y Montevideo,PB11,1366
2012,Junio,Corredor Norte y Casares,PB12,1855
2012,Junio,EEUU y 33 Orientales,PB32,753
2012,Junio,F. Alcorta y Derecho,PB36,1365
2012,Junio,Montev y Peron,PB37,1857
2012,Junio,Potosi y Rawson,PB39,631
2012,Junio,J. Alvarez y Padilla,PB40,414
2012,Junio,Chile y Tacuari,PB44,878
2012,Junio,Serrano y Loyola,PB45,769
2012,Junio,Gorriti y G. Cruz,PB46,1564
2012,Junio,Cnel. Diaz y Mansilla,PB48,814
2012,Junio,11 de Sep y Monroe,PB49,386
2012,Junio,Arenales y Montevideo,PB52,397
2012,Julio,Virrey Cevallos y Chile,PB1,1427
2012,Julio,Azopar-do y Mexico,PB2,570
2012,Julio,Rincon y Carlos Calvo,PB3,1240
2012,Julio,Virrey Liniers y C.Calvo,PB6,820
2012,Julio,Billin-ghurst y Peron,PB10,2035
2012,Julio,Del Liber-tador y Montevideo,PB11,1263
2012,Julio,Corredor Norte y Casares,PB12,1790
2012,Julio,EEUU y 33 Orientales,PB32,733
2012,Julio,F. Alcorta y Derecho,PB36,1446
2012,Julio,Montev y Peron,PB37,1338
2012,Julio,Potosi y Rawson,PB39,724
2012,Julio,J. Alvarez y Padilla,PB40,327
2012,Julio,Chile y Tacuari,PB44,766
2012,Julio,Serrano y Loyola,PB45,789
2012,Julio,Gorriti y G. Cruz,PB46,1580
2012,Julio,Cnel. Diaz y Mansilla,PB48,1128
2012,Julio,11 de Sep y Monroe,PB49,492
2012,Julio,Arenales y Montevideo,PB52,377
2012,Agosto,Virrey Cevallos y Chile,PB1,1499
2012,Agosto,Azopar-do y Mexico,PB2,621
2012,Agosto,Rincon y Carlos Calvo,PB3,1790
2012,Agosto,Virrey Liniers y C.Calvo,PB6,1251
2012,Agosto,Billin-ghurst y Peron,PB10,3105
2012,Agosto,Del Liber-tador y Montevideo,PB11,2022
2012,Agosto,Corredor Norte y Casares,PB12,2692
2012,Agosto,EEUU y 33 Orientales,PB32,929
2012,Agosto,F. Alcorta y Derecho,PB36,1424
2012,Agosto,Montev y Peron,PB37,1986
2012,Agosto,Potosi y Rawson,PB39,892
2012,Agosto,J. Alvarez y Padilla,PB40,558
2012,Agosto,Chile y Tacuari,PB44,761
2012,Agosto,Serrano y Loyola,PB45,873
2012,Agosto,Gorriti y G. Cruz,PB46,2093
2012,Agosto,Cnel. Diaz y Mansilla,PB48,1461
2012,Agosto,11 de Sep y Monroe,PB49,591
2012,Agosto,Arenales y Montevideo,PB52,412
2012,Septiembre,Virrey Cevallos y Chile,PB1,2040
2012,Septiembre,Azopar-do y Mexico,PB2,857
2012,Septiembre,Rincon y Carlos Calvo,PB3,1983
2012,Septiembre,Virrey Liniers y C.Calvo,PB6,1673
2012,Septiembre,Billin-ghurst y Peron,PB10,3257
2012,Septiembre,Del Liber-tador y Montevideo,PB11,1659
2012,Septiembre,Corredor Norte y Casares,PB12,2146
2012,Septiembre,EEUU y 33 Orientales,PB32,885
2012,Septiembre,F. Alcorta y Derecho,PB36,1696
2012,Septiembre,Montev y Peron,PB37,2175
2012,Septiembre,Potosi y Rawson,PB39,1023
2012,Septiembre,J. Alvarez y Padilla,PB40,753
2012,Septiembre,Chile y Tacuari,PB44,862
2012,Septiembre,Serrano y Loyola,PB45,1375
2012,Septiembre,Gorriti y G. Cruz,PB46,2238
2012,Septiembre,Cnel. Diaz y Mansilla,PB48,1536
2012,Septiembre,11 de Sep y Monroe,PB49,373
2012,Septiembre,Arenales y Montevideo,PB52,1541
2012,Octubre,Virrey Cevallos y Chile,PB1,2440
2012,Octubre,Azopar-do y Mexico,PB2,884
2012,Octubre,Rincon y Carlos Calvo,PB3,1923
2012,Octubre,Virrey Liniers y C.Calvo,PB6,1632
2012,Octubre,Billin-ghurst y Peron,PB10,3318
2012,Octubre,Del Liber-tador y Montevideo,PB11,1939
2012,Octubre,Corredor Norte y Casares,PB12,3175
2012,Octubre,EEUU y 33 Orientales,PB32,1083
2012,Octubre,F. Alcorta y Derecho,PB36,1780
2012,Octubre,Montev y Peron,PB37,1914
2012,Octubre,Potosi y Rawson,PB39,943
2012,Octubre,J. Alvarez y Padilla,PB40,651
2012,Octubre,Chile y Tacuari,PB44,814
2012,Octubre,Serrano y Loyola,PB45,942
2012,Octubre,Gorriti y G. Cruz,PB46,1549
2012,Octubre,Cnel. Diaz y Mansilla,PB48,1155
2012,Octubre,11 de Sep y Monroe,PB49,582
2012,Octubre,Arenales y Montevideo,PB52,1263
2012,Noviembre,Virrey Cevallos y Chile,PB1,2163
2012,Noviembre,Azopar-do y Mexico,PB2,728
2012,Noviembre,Rincon y Carlos Calvo,PB3,2076
2012,Noviembre,Virrey Liniers y C.Calvo,PB6,2302
2012,Noviembre,Billin-ghurst y Peron,PB10,4486
2012,Noviembre,Del Liber-tador y Montevideo,PB11,2493
2012,Noviembre,Corredor Norte y Casares,PB12,4030
2012,Noviembre,EEUU y 33 Orientales,PB32,1281
2012,Noviembre,F. Alcorta y Derecho,PB36,2745
2012,Noviembre,Montev y Peron,PB37,2743
2012,Noviembre,Potosi y Rawson,PB39,1260
2012,Noviembre,J. Alvarez y Padilla,PB40,978
2012,Noviembre,Chile y Tacuari,PB44,1060
2012,Noviembre,Serrano y Loyola,PB45,1437
2012,Noviembre,Gorriti y G. Cruz,PB46,2733
2012,Noviembre,Cnel. Diaz y Mansilla,PB48,2203
2012,Noviembre,11 de Sep y Monroe,PB49,676
2012,Noviembre,Arenales y Montevideo,PB52,1869
2012,Diciembre,Virrey Cevallos y Chile,PB1,2041
2012,Diciembre,Azopar-do y Mexico,PB2,822
2012,Diciembre,Rincon y Carlos Calvo,PB3,2306
2012,Diciembre,Virrey Liniers y C.Calvo,PB6,1989
2012,Diciembre,Billin-ghurst y Peron,PB10,3490
2012,Diciembre,Del Liber-tador y Montevideo,PB11,2123
2012,Diciembre,Corredor Norte y Casares,PB12,2643
2012,Diciembre,EEUU y 33 Orientales,PB32,1063
2012,Diciembre,F. Alcorta y Derecho,PB36,2108
2012,Diciembre,Montev y Peron,PB37,2457
2012,Diciembre,Potosi y Rawson,PB39,1165
2012,Diciembre,J. Alvarez y Padilla,PB40,634
2012,Diciembre,Chile y Tacuari,PB44,949
2012,Diciembre,Serrano y Loyola,PB45,1198
2012,Diciembre,Gorriti y G. Cruz,PB46,2243
2012,Diciembre,Cnel. Diaz y Mansilla,PB48,2294
2012,Diciembre,11 de Sep y Monroe,PB49,864
2012,Diciembre,Arenales y Montevideo,PB52,1902
2013,Enero,Virrey Cevallos y Chile,PB1,1855
2013,Enero,Azopar-do y Mexico,PB2,874
2013,Enero,Rincon y Carlos Calvo,PB3,1541
2013,Enero,Virrey Liniers y C.Calvo,PB6,1601
2013,Enero,Billin-ghurst y Peron,PB10,3701
2013,Enero,Del Liber-tador y Montevideo,PB11,2592
2013,Enero,Corredor Norte y Casares,PB12,3626
2013,Enero,EEUU y 33 Orientales,PB32,1241
2013,Enero,F. Alcorta y Derecho,PB36,2168
2013,Enero,Montev y Peron,PB37,2381
2013,Enero,Potosi y Rawson,PB39,1208
2013,Enero,J. Alvarez y Padilla,PB40,805
2013,Enero,Chile y Tacuari,PB44,984
2013,Enero,Serrano y Loyola,PB45,1414
2013,Enero,Gorriti y G. Cruz,PB46,2358
2013,Enero,Cnel. Diaz y Mansilla,PB48,2161
2013,Enero,11 de Sep y Monroe,PB49,878
2013,Enero,Arenales y Montevideo,PB52,1770
2013,Febrero,Virrey Cevallos y Chile,PB1,2376
2013,Febrero,Azopar-do y Mexico,PB2,1011
2013,Febrero,Rincon y Carlos Calvo,PB3,1953
2013,Febrero,Virrey Liniers y C.Calvo,PB6,2133
2013,Febrero,Billin-ghurst y Peron,PB10,3805
2013,Febrero,Del Liber-tador y Montevideo,PB11,2867
2013,Febrero,Corredor Norte y Casares,PB12,5358
2013,Febrero,EEUU y 33 Orientales,PB32,998
2013,Febrero,F. Alcorta y Derecho,PB36,2830
2013,Febrero,Montev y Peron,PB37,2461
2013,Febrero,Potosi y Rawson,PB39,1083
2013,Febrero,J. Alvarez y Padilla,PB40,688
2013,Febrero,Chile y Tacuari,PB44,1002
2013,Febrero,Serrano y Loyola,PB45,1512
2013,Febrero,Gorriti y G. Cruz,PB46,2884
2013,Febrero,Cnel. Diaz y Mansilla,PB48,2559
2013,Febrero,11 de Sep y Monroe,PB49,1183
2013,Febrero,Arenales y Montevideo,PB52,1914
2013,Marzo,Virrey Cevallos y Chile,PB1,2698
2013,Marzo,Azopar-do y Mexico,PB2,941
2013,Marzo,Rincon y Carlos Calvo,PB3,2556
2013,Marzo,Virrey Liniers y C.Calvo,PB6,2308
2013,Marzo,Billin-ghurst y Peron,PB10,4759
2013,Marzo,Del Liber-tador y Montevideo,PB11,3159
2013,Marzo,Corredor Norte y Casares,PB12,4141
2013,Marzo,EEUU y 33 Orientales,PB32,1590
2013,Marzo,F. Alcorta y Derecho,PB36,2510
2013,Marzo,Montev y Peron,PB37,3427
2013,Marzo,Potosi y Rawson,PB39,1394
2013,Marzo,J. Alvarez y Padilla,PB40,955
2013,Marzo,Chile y Tacuari,PB44,1074
2013,Marzo,Serrano y Loyola,PB45,1783
2013,Marzo,Gorriti y G. Cruz,PB46,3495
2013,Marzo,Cnel. Diaz y Mansilla,PB48,2575
2013,Marzo,11 de Sep y Monroe,PB49,1279
2013,Marzo,Arenales y Montevideo,PB52,2381
2013,Abril,Virrey Cevallos y Chile,PB1,2231
2013,Abril,Azopar-do y Mexico,PB2,800
2013,Abril,Rincon y Carlos Calvo,PB3,2392
2013,Abril,Virrey Liniers y C.Calvo,PB6,2481
2013,Abril,Billin-ghurst y Peron,PB10,5088
2013,Abril,Del Liber-tador y Montevideo,PB11,2988
2013,Abril,Corredor Norte y Casares,PB12,3682
2013,Abril,EEUU y 33 Orientales,PB32,1388
2013,Abril,F. Alcorta y Derecho,PB36,2438
2013,Abril,Montev y Peron,PB37,3075
2013,Abril,Potosi y Rawson,PB39,1439
2013,Abril,J. Alvarez y Padilla,PB40,1172
2013,Abril,Chile y Tacuari,PB44,1345
2013,Abril,Serrano y Loyola,PB45,1646
2013,Abril,Gorriti y G. Cruz,PB46,3932
2013,Abril,Cnel. Diaz y Mansilla,PB48,2839
2013,Abril,11 de Sep y Monroe,PB49,1083
2013,Abril,Arenales y Montevideo,PB52,2249
2013,Mayo,Virrey Cevallos y Chile,PB1,2235
2013,Mayo,Azopar-do y Mexico,PB2,825
2013,Mayo,Rincon y Carlos Calvo,PB3,2113
2013,Mayo,Virrey Liniers y C.Calvo,PB6,2017
2013,Mayo,Billin-ghurst y Peron,PB10,4592
2013,Mayo,Del Liber-tador y Montevideo,PB11,2327
2013,Mayo,Corredor Norte y Casares,PB12,3698
2013,Mayo,EEUU y 33 Orientales,PB32,1301
2013,Mayo,F. Alcorta y Derecho,PB36,2402
2013,Mayo,Montev y Peron,PB37,2773
2013,Mayo,Potosi y Rawson,PB39,1136
2013,Mayo,J. Alvarez y Padilla,PB40,1041
2013,Mayo,Chile y Tacuari,PB44,854
2013,Mayo,Serrano y Loyola,PB45,1133
2013,Mayo,Gorriti y G. Cruz,PB46,2461
2013,Mayo,Cnel. Diaz y Mansilla,PB48,2169
2013,Mayo,11 de Sep y Monroe,PB49,875
2013,Mayo,Arenales y Montevideo,PB52,1974
2013,Junio,Virrey Cevallos y Chile,PB1,1973
2013,Junio,Azopar-do y Mexico,PB2,821
2013,Junio,Rincon y Carlos Calvo,PB3,2478
2013,Junio,Virrey Liniers y C.Calvo,PB6,1924
2013,Junio,Billin-ghurst y Peron,PB10,4147
2013,Junio,Del Liber-tador y Montevideo,PB11,2042
2013,Junio,Corredor Norte y Casares,PB12,3221
2013,Junio,EEUU y 33 Orientales,PB32,1083
2013,Junio,F. Alcorta y Derecho,PB36,2590
2013,Junio,Montev y Peron,PB37,2769
2013,Junio,Potosi y Rawson,PB39,1106
2013,Junio,J. Alvarez y Padilla,PB40,661
2013,Junio,Chile y Tacuari,PB44,1123
2013,Junio,Serrano y Loyola,PB45,1584
2013,Junio,Gorriti y G. Cruz,PB46,3214
2013,Junio,Cnel. Diaz y Mansilla,PB48,2787
2013,Junio,11 de Sep y Monroe,PB49,914
2013,Junio,Arenales y Montevideo,PB52,2260
2013,Junio,M.T. Alvear y Uriburu,PB54,301
2013,Julio,Virrey Cevallos y Chile,PB1,1946
2013,Julio,Azopar-do y Mexico,PB2,809
2013,Julio,Rincon y Carlos Calvo,PB3,1839
2013,Julio,Virrey Liniers y C.Calvo,PB6,1813
2013,Julio,Billin-ghurst y Peron,PB10,3412
2013,Julio,Del Liber-tador y Montevideo,PB11,2278
2013,Julio,Corredor Norte y Casares,PB12,3420
2013,Julio,EEUU y 33 Orientales,PB32,1097
2013,Julio,F. Alcorta y Derecho,PB36,1535
2013,Julio,Montev y Peron,PB37,1876
2013,Julio,Potosi y Rawson,PB39,651
2013,Julio,J. Alvarez y Padilla,PB40,445
2013,Julio,Chile y Tacuari,PB44,919
2013,Julio,Serrano y Loyola,PB45,1057
2013,Julio,Gorriti y G. Cruz,PB46,2541
2013,Julio,Cnel. Diaz y Mansilla,PB48,1831
2013,Julio,11 de Sep y Monroe,PB49,846
2013,Julio,Arenales y Montevideo,PB52,1554
2013,Julio,M.T. Alvear y Uriburu,PB54,252
2013,Agosto,Virrey Cevallos y Chile,PB1,1857
2013,Agosto,Azopar-do y Mexico,PB2,771
2013,Agosto,Rincon y Carlos Calvo,PB3,1872
2013,Agosto,Virrey Liniers y C.Calvo,PB6,1771
2013,Agosto,Billin-ghurst y Peron,PB10,3592
2013,Agosto,Del Liber-tador y Montevideo,PB11,2379
2013,Agosto,Corredor Norte y Casares,PB12,3842
2013,Agosto,EEUU y 33 Orientales,PB32,1002
2013,Agosto,F. Alcorta y Derecho,PB36,1919
2013,Agosto,Montev y Peron,PB37,2651
2013,Agosto,Potosi y Rawson,PB39,939
2013,Agosto,J. Alvarez y Padilla,PB40,832
2013,Agosto,Chile y Tacuari,PB44,1063
2013,Agosto,Serrano y Loyola,PB45,1231
2013,Agosto,Gorriti y G. Cruz,PB46,2386
2013,Agosto,Cnel. Diaz y Mansilla,PB48,2217
2013,Agosto,11 de Sep y Monroe,PB49,1057
2013,Agosto,Arenales y Montevideo,PB52,1889
2013,Agosto,M.T. Alvear y Uriburu,PB54,277
2013,Septiembre,Virrey Cevallos y Chile,PB1,1783
2013,Septiembre,Azopar-do y Mexico,PB2,848
2013,Septiembre,Rincon y Carlos Calvo,PB3,2267
2013,Septiembre,Virrey Liniers y C.Calvo,PB6,2191
2013,Septiembre,Billin-ghurst y Peron,PB10,3809
2013,Septiembre,Del Liber-tador y Montevideo,PB11,3348
2013,Septiembre,Corredor Norte y Casares,PB12,3536
2013,Septiembre,EEUU y 33 Orientales,PB32,1077
2013,Septiembre,F. Alcorta y Derecho,PB36,2196
2013,Septiembre,Montev y Peron,PB37,2917
2013,Septiembre,Potosi y Rawson,PB39,1526
2013,Septiembre,J. Alvarez y Padilla,PB40,706
2013,Septiembre,Chile y Tacuari,PB44,1060
2013,Septiembre,Serrano y Loyola,PB45,1606
2013,Septiembre,Gorriti y G. Cruz,PB46,3495
2013,Septiembre,Cnel. Diaz y Mansilla,PB48,2644
2013,Septiembre,11 de Sep y Monroe,PB49,728
2013,Septiembre,Arenales y Montevideo,PB52,2263
2013,Septiembre,M.T. Alvear y Uriburu,PB54,299
2013,Octubre,Virrey Cevallos y Chile,PB1,2392
2013,Octubre,Azopar-do y Mexico,PB2,905
2013,Octubre,Rincon y Carlos Calvo,PB3,2576
2013,Octubre,Virrey Liniers y C.Calvo,PB6,2345
2013,Octubre,Billin-ghurst y Peron,PB10,4880
2013,Octubre,Del Liber-tador y Montevideo,PB11,3001
2013,Octubre,Corredor Norte y Casares,PB12,4005
2013,Octubre,EEUU y 33 Orientales,PB32,1355
2013,Octubre,F. Alcorta y Derecho,PB36,3102
2013,Octubre,Montev y Peron,PB37,3141
2013,Octubre,Potosi y Rawson,PB39,1845
2013,Octubre,J. Alvarez y Padilla,PB40,1242
2013,Octubre,Chile y Tacuari,PB44,1009
2013,Octubre,Serrano y Loyola,PB45,1637
2013,Octubre,Gorriti y G. Cruz,PB46,3312
2013,Octubre,Cnel. Diaz y Mansilla,PB48,2794
2013,Octubre,11 de Sep y Monroe,PB49,1250
2013,Octubre,Arenales y Montevideo,PB52,2713
2013,Octubre,M.T. Alvear y Uriburu,PB54,328
2013,Noviembre,Virrey Cevallos y Chile,PB1,2491
2013,Noviembre,Azopar-do y Mexico,PB2,874
2013,Noviembre,Rincon y Carlos Calvo,PB3,4066
2013,Noviembre,Virrey Liniers y C.Calvo,PB6,2756
2013,Noviembre,Billin-ghurst y Peron,PB10,4693
2013,Noviembre,Del Liber-tador y Montevideo,PB11,3327
2013,Noviembre,Corredor Norte y Casares,PB12,5253
2013,Noviembre,EEUU y 33 Orientales,PB32,1469
2013,Noviembre,F. Alcorta y Derecho,PB36,3122
2013,Noviembre,Montev y Peron,PB37,4248
2013,Noviembre,Potosi y Rawson,PB39,1912
2013,Noviembre,J. Alvarez y Padilla,PB40,1324
2013,Noviembre,Chile y Tacuari,PB44,1186
2013,Noviembre,Serrano y Loyola,PB45,2394
2013,Noviembre,Gorriti y G. Cruz,PB46,4315
2013,Noviembre,Cnel. Diaz y Mansilla,PB48,3114
2013,Noviembre,11 de Sep y Monroe,PB49,1296
2013,Noviembre,Arenales y Montevideo,PB52,2995
2013,Noviembre,M.T. Alvear y Uriburu,PB54,355
2013,Diciembre,Virrey Cevallos y Chile,PB1,2465
2013,Diciembre,Azopar-do y Mexico,PB2,833
2013,Diciembre,Rincon y Carlos Calvo,PB3,2408
2013,Diciembre,Virrey Liniers y C.Calvo,PB6,2147
2013,Diciembre,Billin-ghurst y Peron,PB10,4017
2013,Diciembre,Del Liber-tador y Montevideo,PB11,2008
2013,Diciembre,Corredor Norte y Casares,PB12,3830
2013,Diciembre,EEUU y 33 Orientales,PB32,1240
2013,Diciembre,F. Alcorta y Derecho,PB36,2214
2013,Diciembre,Montev y Peron,PB37,3575
2013,Diciembre,Potosi y Rawson,PB39,1069
2013,Diciembre,J. Alvarez y Padilla,PB40,1405
2013,Diciembre,Chile y Tacuari,PB44,1056
2013,Diciembre,Serrano y Loyola,PB45,1617
2013,Diciembre,Gorriti y G. Cruz,PB46,3927
2013,Diciembre,Cnel. Diaz y Mansilla,PB48,3263
2013,Diciembre,11 de Sep y Monroe,PB49,1037
2013,Diciembre,Arenales y Montevideo,PB52,2298
2013,Diciembre,M.T. Alvear y Uriburu,PB54,315
2014,Enero,Virrey Cevallos y Chile,PB1,1760
2014,Enero,Azopar-do y Mexico,PB2,828
2014,Enero,Rincon y Carlos Calvo,PB3,1868
2014,Enero,Virrey Liniers y C.Calvo,PB6,1869
2014,Enero,Billin-ghurst y Peron,PB10,3737
2014,Enero,Del Liber-tador y Montevideo,PB11,2434
2014,Enero,Corredor Norte y Casares,PB12,4614
2014,Enero,EEUU y 33 Orientales,PB32,1051
2014,Enero,F. Alcorta y Derecho,PB36,2381
2014,Enero,Montev y Peron,PB37,2352
2014,Enero,Potosi y Rawson,PB39,906
2014,Enero,J. Alvarez y Padilla,PB40,822
2014,Enero,Chile y Tacuari,PB44,799
2014,Enero,Serrano y Loyola,PB45,1335
2014,Enero,Gorriti y G. Cruz,PB46,2663
2014,Enero,Cnel. Diaz y Mansilla,PB48,2279
2014,Enero,11 de Sep y Monroe,PB49,824
2014,Enero,Arenales y Montevideo,PB52,1953
2014,Enero,M.T. Alvear y Uriburu,PB54,717
2014,Febrero,Virrey Cevallos y Chile,PB1,2101
2014,Febrero,Azopar-do y Mexico,PB2,663
2014,Febrero,Rincon y Carlos Calvo,PB3,1642
2014,Febrero,Virrey Liniers y C.Calvo,PB6,1246
2014,Febrero,Billin-ghurst y Peron,PB10,3694
2014,Febrero,Del Liber-tador y Montevideo,PB11,1884
2014,Febrero,Corredor Norte y Casares,PB12,3210
2014,Febrero,EEUU y 33 Orientales,PB32,1121
2014,Febrero,F. Alcorta y Derecho,PB36,1994
2014,Febrero,Montev y Peron,PB37,2804
2014,Febrero,Potosi y Rawson,PB39,1362
2014,Febrero,J. Alvarez y Padilla,PB40,999
2014,Febrero,Chile y Tacuari,PB44,867
2014,Febrero,Serrano y Loyola,PB45,1675
2014,Febrero,Gorriti y G. Cruz,PB46,2722
2014,Febrero,Cnel. Diaz y Mansilla,PB48,2277
2014,Febrero,11 de Sep y Monroe,PB49,1079
2014,Febrero,Arenales y Montevideo,PB52,2201
2014,Febrero,M.T. Alvear y Uriburu,PB54,974
2014,Marzo,Virrey Cevallos y Chile,PB1,2413
2014,Marzo,Azopar-do y Mexico,PB2,867
2014,Marzo,Rincon y Carlos Calvo,PB3,2114
2014,Marzo,Virrey Liniers y C.Calvo,PB6,2637
2014,Marzo,Billin-ghurst y Peron,PB10,4643
2014,Marzo,Del Liber-tador y Montevideo,PB11,2469
2014,Marzo,Corredor Norte y Casares,PB12,4021
2014,Marzo,EEUU y 33 Orientales,PB32,1360
2014,Marzo,F. Alcorta y Derecho,PB36,3066
2014,Marzo,Montev y Peron,PB37,3129
2014,Marzo,Potosi y Rawson,PB39,1961
2014,Marzo,J. Alvarez y Padilla,PB40,1484
2014,Marzo,Chile y Tacuari,PB44,936
2014,Marzo,Serrano y Loyola,PB45,2255
2014,Marzo,Gorriti y G. Cruz,PB46,3324
2014,Marzo,Cnel. Diaz y Mansilla,PB48,2951
2014,Marzo,11 de Sep y Monroe,PB49,1204
2014,Marzo,Arenales y Montevideo,PB52,2430
2014,Marzo,M.T. Alvear y Uriburu,PB54,1125
2014,Abril,Virrey Cevallos y Chile,PB1,3223
2014,Abril,Azopar-do y Mexico,PB2,855
2014,Abril,Rincon y Carlos Calvo,PB3,2714
2014,Abril,Virrey Liniers y C.Calvo,PB6,2674
2014,Abril,Billin-ghurst y Peron,PB10,5485
2014,Abril,Del Liber-tador y Montevideo,PB11,2902
2014,Abril,Corredor Norte y Casares,PB12,4444
2014,Abril,EEUU y 33 Orientales,PB32,1414
2014,Abril,F. Alcorta y Derecho,PB36,2708
2014,Abril,Montev y Peron,PB37,3394
2014,Abril,Potosi y Rawson,PB39,1387
2014,Abril,J. Alvarez y Padilla,PB40,1426
2014,Abril,Chile y Tacuari,PB44,1072
2014,Abril,Serrano y Loyola,PB45,2324
2014,Abril,Gorriti y G. Cruz,PB46,3786
2014,Abril,Cnel. Diaz y Mansilla,PB48,3024
2014,Abril,11 de Sep y Monroe,PB49,1234
2014,Abril,Arenales y Montevideo,PB52,2120
2014,Abril,M.T. Alvear y Uriburu,PB54,1466
2014,Mayo,Virrey Cevallos y Chile,PB1,2656
2014,Mayo,Azopar-do y Mexico,PB2,997
2014,Mayo,Rincon y Carlos Calvo,PB3,2347
2014,Mayo,Virrey Liniers y C.Calvo,PB6,2022
2014,Mayo,Billin-ghurst y Peron,PB10,4750
2014,Mayo,Del Liber-tador y Montevideo,PB11,2963
2014,Mayo,Corredor Norte y Casares,PB12,3738
2014,Mayo,EEUU y 33 Orientales,PB32,1382
2014,Mayo,F. Alcorta y Derecho,PB36,2252
2014,Mayo,Montev y Peron,PB37,3603
2014,Mayo,Potosi y Rawson,PB39,1545
2014,Mayo,J. Alvarez y Padilla,PB40,1262
2014,Mayo,Chile y Tacuari,PB44,707
2014,Mayo,Serrano y Loyola,PB45,2352
2014,Mayo,Gorriti y G. Cruz,PB46,3620
2014,Mayo,Cnel. Diaz y Mansilla,PB48,2563
2014,Mayo,11 de Sep y Monroe,PB49,975
2014,Mayo,Arenales y Montevideo,PB52,2321
2014,Mayo,M.T. Alvear y Uriburu,PB54,1416
2014,Junio,Virrey Cevallos y Chile,PB1,3036
2014,Junio,Azopar-do y Mexico,PB2,919
2014,Junio,Rincon y Carlos Calvo,PB3,2178
2014,Junio,Virrey Liniers y C.Calvo,PB6,2278
2014,Junio,Billin-ghurst y Peron,PB10,5166
2014,Junio,Del Liber-tador y Montevideo,PB11,2249
2014,Junio,Corredor Norte y Casares,PB12,3241
2014,Junio,EEUU y 33 Orientales,PB32,1168
2014,Junio,F. Alcorta y Derecho,PB36,2235
2014,Junio,Montev y Peron,PB37,3175
2014,Junio,Potosi y Rawson,PB39,1509
2014,Junio,J. Alvarez y Padilla,PB40,1198
2014,Junio,Chile y Tacuari,PB44,609
2014,Junio,Serrano y Loyola,PB45,2121
2014,Junio,Gorriti y G. Cruz,PB46,3358
2014,Junio,Cnel. Diaz y Mansilla,PB48,2128
2014,Junio,11 de Sep y Monroe,PB49,955
2014,Junio,Arenales y Montevideo,PB52,2033
2014,Junio,M.T. Alvear y Uriburu,PB54,1276
2014,Julio,Virrey Cevallos y Chile,PB1,2286
2014,Julio,Azopar-do y Mexico,PB2,736
2014,Julio,Rincon y Carlos Calvo,PB3,2354
2014,Julio,Virrey Liniers y C.Calvo,PB6,2062
2014,Julio,Billin-ghurst y Peron,PB10,3910
2014,Julio,Del Liber-tador y Montevideo,PB11,2123
2014,Julio,Corredor Norte y Casares,PB12,3154
2014,Julio,EEUU y 33 Orientales,PB32,943
2014,Julio,F. Alcorta y Derecho,PB36,1768
2014,Julio,Montev y Peron,PB37,3331
2014,Julio,Potosi y Rawson,PB39,1150
2014,Julio,J. Alvarez y Padilla,PB40,943
2014,Julio,Chile y Tacuari,PB44,878
2014,Julio,Serrano y Loyola,PB45,1783
2014,Julio,Gorriti y G. Cruz,PB46,2792
2014,Julio,Cnel. Diaz y Mansilla,PB48,2013
2014,Julio,11 de Sep y Monroe,PB49,851
2014,Julio,Arenales y Montevideo,PB52,2009
2014,Julio,M.T. Alvear y Uriburu,PB54,1243
2014,Agosto,Virrey Cevallos y Chile,PB1,2284
2014,Agosto,Azopar-do y Mexico,PB2,1120
2014,Agosto,Rincon y Carlos Calvo,PB3,1944
2014,Agosto,Virrey Liniers y C.Calvo,PB6,1658
2014,Agosto,Billin-ghurst y Peron,PB10,3008
2014,Agosto,Del Liber-tador y Montevideo,PB11,1928
2014,Agosto,Corredor Norte y Casares,PB12,3485
2014,Agosto,EEUU y 33 Orientales,PB32,902
2014,Agosto,F. Alcorta y Derecho,PB36,1748
2014,Agosto,Montev y Peron,PB37,3267
2014,Agosto,Potosi y Rawson,PB39,1185
2014,Agosto,J. Alvarez y Padilla,PB40,959
2014,Agosto,Chile y Tacuari,PB44,824
2014,Agosto,Serrano y Loyola,PB45,2341
2014,Agosto,Gorriti y G. Cruz,PB46,2802
2014,Agosto,Cnel. Diaz y Mansilla,PB48,2107
2014,Agosto,11 de Sep y Monroe,PB49,806
2014,Agosto,Arenales y Montevideo,PB52,1474
2014,Agosto,M.T. Alvear y Uriburu,PB54,1234
2014,Septiembre,Virrey Cevallos y Chile,PB1,2235
2014,Septiembre,Azopar-do y Mexico,PB2,660
2014,Septiembre,Rincon y Carlos Calvo,PB3,1860
2014,Septiembre,Virrey Liniers y C.Calvo,PB6,2094
2014,Septiembre,Billin-ghurst y Peron,PB10,3480
2014,Septiembre,Del Liber-tador y Montevideo,PB11,2183
2014,Septiembre,Corredor Norte y Casares,PB12,3603
2014,Septiembre,EEUU y 33 Orientales,PB32,986
2014,Septiembre,F. Alcorta y Derecho,PB36,2570
2014,Septiembre,Montev y Peron,PB37,3122
2014,Septiembre,Potosi y Rawson,PB39,1613
2014,Septiembre,J. Alvarez y Padilla,PB40,1039
2014,Septiembre,Chile y Tacuari,PB44,868
2014,Septiembre,Serrano y Loyola,PB45,1956
2014,Septiembre,Gorriti y G. Cruz,PB46,3052
2014,Septiembre,Cnel. Diaz y Mansilla,PB48,2145
2014,Septiembre,11 de Sep y Monroe,PB49,1065
2014,Septiembre,Arenales y Montevideo,PB52,1780
2014,Septiembre,M.T. Alvear y Uriburu,PB54,1460
2014,Octubre,Virrey Cevallos y Chile,PB1,2402
2014,Octubre,Azopar-do y Mexico,PB2,792
2014,Octubre,Rincon y Carlos Calvo,PB3,2015
2014,Octubre,Virrey Liniers y C.Calvo,PB6,2185
2014,Octubre,Billin-ghurst y Peron,PB10,4045
2014,Octubre,Del Liber-tador y Montevideo,PB11,2061
2014,Octubre,Corredor Norte y Casares,PB12,2930
2014,Octubre,EEUU y 33 Orientales,PB32,1059
2014,Octubre,F. Alcorta y Derecho,PB36,1747
2014,Octubre,Montev y Peron,PB37,3543
2014,Octubre,Potosi y Rawson,PB39,1267
2014,Octubre,J. Alvarez y Padilla,PB40,1285
2014,Octubre,Chile y Tacuari,PB44,1120
2014,Octubre,Serrano y Loyola,PB45,2139
2014,Octubre,Gorriti y G. Cruz,PB46,2954
2014,Octubre,Cnel. Diaz y Mansilla,PB48,2284
2014,Octubre,11 de Sep y Monroe,PB49,902
2014,Octubre,Arenales y Montevideo,PB52,2213
2014,Octubre,M.T. Alvear y Uriburu,PB54,1588
2014,Noviembre,Virrey Cevallos y Chile,PB1,2824
2014,Noviembre,Azopar-do y Mexico,PB2,732
2014,Noviembre,Rincon y Carlos Calvo,PB3,2543
2014,Noviembre,Virrey Liniers y C.Calvo,PB6,2504
2014,Noviembre,Billin-ghurst y Peron,PB10,4795
2014,Noviembre,Del Liber-tador y Montevideo,PB11,2799
2014,Noviembre,Corredor Norte y Casares,PB12,4471
2014,Noviembre,EEUU y 33 Orientales,PB32,1484
2014,Noviembre,F. Alcorta y Derecho,PB36,2764
2014,Noviembre,Montev y Peron,PB37,3927
2014,Noviembre,Potosi y Rawson,PB39,1702
2014,Noviembre,J. Alvarez y Padilla,PB40,1492
2014,Noviembre,Chile y Tacuari,PB44,1128
2014,Noviembre,Serrano y Loyola,PB45,3104
2014,Noviembre,Gorriti y G. Cruz,PB46,4100
2014,Noviembre,Cnel. Diaz y Mansilla,PB48,3310
2014,Noviembre,11 de Sep y Monroe,PB49,1335
2014,Noviembre,Arenales y Montevideo,PB52,2670
2014,Noviembre,M.T. Alvear y Uriburu,PB54,1728
2014,Diciembre,Virrey Cevallos y Chile,PB1,2927
2014,Diciembre,Azopar-do y Mexico,PB2,878
2014,Diciembre,Rincon y Carlos Calvo,PB3,2438
2014,Diciembre,Virrey Liniers y C.Calvo,PB6,1920
2014,Diciembre,Billin-ghurst y Peron,PB10,3936
2014,Diciembre,Del Liber-tador y Montevideo,PB11,2325
2014,Diciembre,Corredor Norte y Casares,PB12,4517
2014,Diciembre,EEUU y 33 Orientales,PB32,1431
2014,Diciembre,F. Alcorta y Derecho,PB36,2585
2014,Diciembre,Montev y Peron,PB37,3292
2014,Diciembre,Potosi y Rawson,PB39,1630
2014,Diciembre,J. Alvarez y Padilla,PB40,1107
2014,Diciembre,Chile y Tacuari,PB44,1095
2014,Diciembre,Serrano y Loyola,PB45,2903
2014,Diciembre,Gorriti y G. Cruz,PB46,3825
2014,Diciembre,Cnel. Diaz y Mansilla,PB48,3146
2014,Diciembre,11 de Sep y Monroe,PB49,1009
2014,Diciembre,Arenales y Montevideo,PB52,2397
2014,Diciembre,M.T. Alvear y Uriburu,PB54,1397
2015,Enero,Virrey Cevallos y Chile,PB1,2054
2015,Enero,Azopar-do y Mexico,PB2,741
2015,Enero,Rincon y Carlos Calvo,PB3,1966
2015,Enero,Virrey Liniers y C.Calvo,PB6,1679
2015,Enero,Billin-ghurst y Peron,PB10,4039
2015,Enero,Del Liber-tador y Montevideo,PB11,1732
2015,Enero,Corredor Norte y Casares,PB12,3599
2015,Enero,EEUU y 33 Orientales,PB32,1460
2015,Enero,F. Alcorta y Derecho,PB36,2011
2015,Enero,Montev y Peron,PB37,2495
2015,Enero,Potosi y Rawson,PB39,1129
2015,Enero,J. Alvarez y Padilla,PB40,975
2015,Enero,Chile y Tacuari,PB44,823
2015,Enero,Serrano y Loyola,PB45,2168
2015,Enero,Gorriti y G. Cruz,PB46,3299
2015,Enero,Cnel. Diaz y Mansilla,PB48,1907
2015,Enero,11 de Sep y Monroe,PB49,795
2015,Enero,Arenales y Montevideo,PB52,2003
2015,Enero,M.T. Alvear y Uriburu,PB54,836
2015,Enero,La Pampa y Superi,PB58,1493
2015,Febrero,Virrey Cevallos y Chile,PB1,2158
2015,Febrero,Azopar-do y Mexico,PB2,835
2015,Febrero,Rincon y Carlos Calvo,PB3,1711
2015,Febrero,Virrey Liniers y C.Calvo,PB6,1752
2015,Febrero,Billin-ghurst y Peron,PB10,4148
2015,Febrero,Del Liber-tador y Montevideo,PB11,1482
2015,Febrero,Corredor Norte y Casares,PB12,3657
2015,Febrero,EEUU y 33 Orientales,PB32,962
2015,Febrero,F. Alcorta y Derecho,PB36,1924
2015,Febrero,Montev y Peron,PB37,2762
2015,Febrero,Potosi y Rawson,PB39,1214
2015,Febrero,J. Alvarez y Padilla,PB40,1531
2015,Febrero,Chile y Tacuari,PB44,994
2015,Febrero,Serrano y Loyola,PB45,2553
2015,Febrero,Gorriti y G. Cruz,PB46,3639
2015,Febrero,Cnel. Diaz y Mansilla,PB48,2534
2015,Febrero,11 de Sep y Monroe,PB49,1274
2015,Febrero,Arenales y Montevideo,PB52,1420
2015,Febrero,M.T. Alvear y Uriburu,PB54,1106
2015,Febrero,La Pampa y Superi,PB58,1741
2015,Marzo,Virrey Cevallos y Chile,PB1,2656
2015,Marzo,Azopar-do y Mexico,PB2,816
2015,Marzo,Rincon y Carlos Calvo,PB3,2255
2015,Marzo,Virrey Liniers y C.Calvo,PB6,2389
2015,Marzo,Billin-ghurst y Peron,PB10,4996
2015,Marzo,Del Liber-tador y Montevideo,PB11,2408
2015,Marzo,Corredor Norte y Casares,PB12,3794
2015,Marzo,EEUU y 33 Orientales,PB32,1627
2015,Marzo,F. Alcorta y Derecho,PB36,2163
2015,Marzo,Montev y Peron,PB37,2951
2015,Marzo,Potosi y Rawson,PB39,1424
2015,Marzo,J. Alvarez y Padilla,PB40,1692
2015,Marzo,Chile y Tacuari,PB44,1168
2015,Marzo,Serrano y Loyola,PB45,2668
2015,Marzo,Gorriti y G. Cruz,PB46,3709
2015,Marzo,Cnel. Diaz y Mansilla,PB48,3178
2015,Marzo,11 de Sep y Monroe,PB49,1391
2015,Marzo,Arenales y Montevideo,PB52,2359
2015,Marzo,M.T. Alvear y Uriburu,PB54,1096
2015,Marzo,La Pampa y Superi,PB58,1678
2015,Abril,Virrey Cevallos y Chile,PB1,3344
2015,Abril,Azopar-do y Mexico,PB2,630
2015,Abril,Rincon y Carlos Calvo,PB3,2336
2015,Abril,Virrey Liniers y C.Calvo,PB6,2356
2015,Abril,Billin-ghurst y Peron,PB10,5508
2015,Abril,Del Liber-tador y Montevideo,PB11,2114
2015,Abril,Corredor Norte y Casares,PB12,3699
2015,Abril,EEUU y 33 Orientales,PB32,1535
2015,Abril,F. Alcorta y Derecho,PB36,2062
2015,Abril,Montev y Peron,PB37,3455
2015,Abril,Potosi y Rawson,PB39,1359
2015,Abril,J. Alvarez y Padilla,PB40,1550
2015,Abril,Chile y Tacuari,PB44,1264
2015,Abril,Serrano y Loyola,PB45,3437
2015,Abril,Gorriti y G. Cruz,PB46,3979
2015,Abril,Cnel. Diaz y Mansilla,PB48,3062
2015,Abril,11 de Sep y Monroe,PB49,1387
2015,Abril,Arenales y Montevideo,PB52,3037
2015,Abril,M.T. Alvear y Uriburu,PB54,1275
2015,Abril,La Pampa y Superi,PB58,1925
2015,Mayo,Virrey Cevallos y Chile,PB1,3140
2015,Mayo,Azopar-do y Mexico,PB2,1133
2015,Mayo,Rincon y Carlos Calvo,PB3,2653
2015,Mayo,Virrey Liniers y C.Calvo,PB6,2874
2015,Mayo,Billin-ghurst y Peron,PB10,4735
2015,Mayo,Del Liber-tador y Montevideo,PB11,2194
2015,Mayo,Corredor Norte y Casares,PB12,3462
2015,Mayo,EEUU y 33 Orientales,PB32,1370
2015,Mayo,F. Alcorta y Derecho,PB36,2111
2015,Mayo,Montev y Peron,PB37,3764
2015,Mayo,Potosi y Rawson,PB39,1720
2015,Mayo,J. Alvarez y Padilla,PB40,1283
2015,Mayo,Chile y Tacuari,PB44,1165
2015,Mayo,Serrano y Loyola,PB45,2665
2015,Mayo,Gorriti y G. Cruz,PB46,3497
2015,Mayo,Cnel. Diaz y Mansilla,PB48,2903
2015,Mayo,11 de Sep y Monroe,PB49,1345
2015,Mayo,Arenales y Montevideo,PB52,2598
2015,Mayo,M.T. Alvear y Uriburu,PB54,1093
2015,Mayo,La Pampa y Superi,PB58,1799
2015,Junio,Virrey Cevallos y Chile,PB1,3597
2015,Junio,Azopar-do y Mexico,PB2,932
2015,Junio,Rincon y Carlos Calvo,PB3,1900
2015,Junio,Virrey Liniers y C.Calvo,PB6,2203
2015,Junio,Billin-ghurst y Peron,PB10,5548
2015,Junio,Del Liber-tador y Montevideo,PB11,2114
2015,Junio,Corredor Norte y Casares,PB12,3364
2015,Junio,EEUU y 33 Orientales,PB32,1314
2015,Junio,F. Alcorta y Derecho,PB36,1977
2015,Junio,Montev y Peron,PB37,3735
2015,Junio,Potosi y Rawson,PB39,1607
2015,Junio,J. Alvarez y Padilla,PB40,1247
2015,Junio,Chile y Tacuari,PB44,855
2015,Junio,Serrano y Loyola,PB45,2766
2015,Junio,Gorriti y G. Cruz,PB46,3312
2015,Junio,Cnel. Diaz y Mansilla,PB48,2765
2015,Junio,11 de Sep y Monroe,PB49,1228
2015,Junio,Arenales y Montevideo,PB52,2252
2015,Junio,M.T. Alvear y Uriburu,PB54,1375
2015,Junio,La Pampa y Superi,PB58,1682
2015,Julio,Virrey Cevallos y Chile,PB1,2374
2015,Julio,Azopar-do y Mexico,PB2,720
2015,Julio,Rincon y Carlos Calvo,PB3,1674
2015,Julio,Virrey Liniers y C.Calvo,PB6,2098
2015,Julio,Billin-ghurst y Peron,PB10,3990
2015,Julio,Del Liber-tador y Montevideo,PB11,1842
2015,Julio,Corredor Norte y Casares,PB12,2560
2015,Julio,EEUU y 33 Orientales,PB32,900
2015,Julio,F. Alcorta y Derecho,PB36,1868
2015,Julio,Montev y Peron,PB37,2719
2015,Julio,Potosi y Rawson,PB39,1237
2015,Julio,J. Alvarez y Padilla,PB40,1034
2015,Julio,Chile y Tacuari,PB44,870
2015,Julio,Serrano y Loyola,PB45,2307
2015,Julio,Gorriti y G. Cruz,PB46,2404
2015,Julio,Cnel. Diaz y Mansilla,PB48,1913
2015,Julio,11 de Sep y Monroe,PB49,1208
2015,Julio,Arenales y Montevideo,PB52,1964
2015,Julio,M.T. Alvear y Uriburu,PB54,1237
2015,Julio,La Pampa y Superi,PB58,1201
2015,Agosto,Virrey Cevallos y Chile,PB1,2456
2015,Agosto,Azopar-do y Mexico,PB2,1156
2015,Agosto,Rincon y Carlos Calvo,PB3,1601
2015,Agosto,Virrey Liniers y C.Calvo,PB6,1571
2015,Agosto,Billin-ghurst y Peron,PB10,3411
2015,Agosto,Del Liber-tador y Montevideo,PB11,1629
2015,Agosto,Corredor Norte y Casares,PB12,2689
2015,Agosto,EEUU y 33 Orientales,PB32,980
2015,Agosto,F. Alcorta y Derecho,PB36,1396
2015,Agosto,Montev y Peron,PB37,2932
2015,Agosto,Potosi y Rawson,PB39,1102
2015,Agosto,J. Alvarez y Padilla,PB40,1026
2015,Agosto,Chile y Tacuari,PB44,956
2015,Agosto,Serrano y Loyola,PB45,2757
2015,Agosto,Gorriti y G. Cruz,PB46,2398
2015,Agosto,Cnel. Diaz y Mansilla,PB48,2140
2015,Agosto,11 de Sep y Monroe,PB49,982
2015,Agosto,Arenales y Montevideo,PB52,1529
2015,Agosto,M.T. Alvear y Uriburu,PB54,1374
2015,Agosto,La Pampa y Superi,PB58,1236
2015,Septiembre,Virrey Cevallos y Chile,PB1,2453
2015,Septiembre,Azopar-do y Mexico,PB2,730
2015,Septiembre,Rincon y Carlos Calvo,PB3,1797
2015,Septiembre,Virrey Liniers y C.Calvo,PB6,1860
2015,Septiembre,Billin-ghurst y Peron,PB10,4395
2015,Septiembre,Del Liber-tador y Montevideo,PB11,1785
2015,Septiembre,Corredor Norte y Casares,PB12,2660
2015,Septiembre,EEUU y 33 Orientales,PB32,1195
2015,Septiembre,F. Alcorta y Derecho,PB36,1597
2015,Septiembre,Montev y Peron,PB37,3069
2015,Septiembre,Potosi y Rawson,PB39,1341
2015,Septiembre,J. Alvarez y Padilla,PB40,1091
2015,Septiembre,Chile y Tacuari,PB44,1060
2015,Septiembre,Serrano y Loyola,PB45,2118
2015,Septiembre,Gorriti y G. Cruz,PB46,2601
2015,Septiembre,Cnel. Diaz y Mansilla,PB48,2302
2015,Septiembre,11 de Sep y Monroe,PB49,1115
2015,Septiembre,Arenales y Montevideo,PB52,1974
2015,Septiembre,M.T. Alvear y Uriburu,PB54,1770
2015,Septiembre,La Pampa y Superi,PB58,1656
2015,Octubre,Virrey Cevallos y Chile,PB1,2557
2015,Octubre,Azopar-do y Mexico,PB2,923
2015,Octubre,Rincon y Carlos Calvo,PB3,1884
2015,Octubre,Virrey Liniers y C.Calvo,PB6,1838
2015,Octubre,Billin-ghurst y Peron,PB10,3924
2015,Octubre,Del Liber-tador y Montevideo,PB11,1697
2015,Octubre,Corredor Norte y Casares,PB12,2612
2015,Octubre,EEUU y 33 Orientales,PB32,1193
2015,Octubre,F. Alcorta y Derecho,PB36,1768
2015,Octubre,Montev y Peron,PB37,3158
2015,Octubre,Potosi y Rawson,PB39,1317
2015,Octubre,J. Alvarez y Padilla,PB40,1328
2015,Octubre,Chile y Tacuari,PB44,998
2015,Octubre,Serrano y Loyola,PB45,2825
2015,Octubre,Gorriti y G. Cruz,PB46,3035
2015,Octubre,Cnel. Diaz y Mansilla,PB48,2945
2015,Octubre,11 de Sep y Monroe,PB49,1100
2015,Octubre,Arenales y Montevideo,PB52,1876
2015,Octubre,M.T. Alvear y Uriburu,PB54,1698
2015,Octubre,La Pampa y Superi,PB58,1726
2015,Noviembre,Virrey Cevallos y Chile,PB1,2905
2015,Noviembre,Azopar-do y Mexico,PB2,716
2015,Noviembre,Rincon y Carlos Calvo,PB3,2062
2015,Noviembre,Virrey Liniers y C.Calvo,PB6,1687
2015,Noviembre,Billin-ghurst y Peron,PB10,4968
2015,Noviembre,Del Liber-tador y Montevideo,PB11,2249
2015,Noviembre,Corredor Norte y Casares,PB12,3564
2015,Noviembre,EEUU y 33 Orientales,PB32,1684
2015,Noviembre,F. Alcorta y Derecho,PB36,2131
2015,Noviembre,Montev y Peron,PB37,3425
2015,Noviembre,Potosi y Rawson,PB39,1464
2015,Noviembre,J. Alvarez y Padilla,PB40,1558
2015,Noviembre,Chile y Tacuari,PB44,1192
2015,Noviembre,Serrano y Loyola,PB45,3806
2015,Noviembre,Gorriti y G. Cruz,PB46,3927
2015,Noviembre,Cnel. Diaz y Mansilla,PB48,3171
2015,Noviembre,11 de Sep y Monroe,PB49,1389
2015,Noviembre,Arenales y Montevideo,PB52,2325
2015,Noviembre,M.T. Alvear y Uriburu,PB54,1964
2015,Noviembre,La Pampa y Superi,PB58,1579
2015,Diciembre,Virrey Cevallos y Chile,PB1,2906
2015,Diciembre,Azopar-do y Mexico,PB2,936
2015,Diciembre,Rincon y Carlos Calvo,PB3,2252
2015,Diciembre,Virrey Liniers y C.Calvo,PB6,2022
2015,Diciembre,Billin-ghurst y Peron,PB10,4325
2015,Diciembre,Del Liber-tador y Montevideo,PB11,2069
2015,Diciembre,Corredor Norte y Casares,PB12,3750
2015,Diciembre,EEUU y 33 Orientales,PB32,1510
2015,Diciembre,F. Alcorta y Derecho,PB36,1960
2015,Diciembre,Montev y Peron,PB37,2802
2015,Diciembre,Potosi y Rawson,PB39,1191
2015,Diciembre,J. Alvarez y Padilla,PB40,1154
2015,Diciembre,Chile y Tacuari,PB44,1148
2015,Diciembre,Serrano y Loyola,PB45,3351
2015,Diciembre,Gorriti y G. Cruz,PB46,3458
2015,Diciembre,Cnel. Diaz y Mansilla,PB48,2575
2015,Diciembre,11 de Sep y Monroe,PB49,881
2015,Diciembre,Arenales y Montevideo,PB52,2133
2015,Diciembre,M.T. Alvear y Uriburu,PB54,1568
2015,Diciembre,La Pampa y Superi,PB58,1567
2016,Enero,Virrey Cevallos y Chile,PB1,2165
2016,Enero,Azopar-do y Mexico,PB2,1092
2016,Enero,Rincon y Carlos Calvo,PB3,1402
2016,Enero,Virrey Liniers y C.Calvo,PB6,1414
2016,Enero,Billin-ghurst y Peron,PB10,2972
2016,Enero,Del Liber-tador y Montevideo,PB11,1974
2016,Enero,Corredor Norte y Casares,PB12,2567
2016,Enero,EEUU y 33 Orientales,PB32,1300
2016,Enero,F. Alcorta y Derecho,PB36,1784
2016,Enero,Montev y Peron,PB37,2356
2016,Enero,Potosi y Rawson,PB39,833
2016,Enero,J. Alvarez y Padilla,PB40,1243
2016,Enero,Chile y Tacuari,PB44,840
2016,Enero,Serrano y Loyola,PB45,2618
2016,Enero,Gorriti y G. Cruz,PB46,2933
2016,Enero,Cnel. Diaz y Mansilla,PB48,2058
2016,Enero,11 de Sep y Monroe,PB49,695
2016,Enero,Arenales y Montevideo,PB52,1679
2016,Enero,M.T. Alvear y Uriburu,PB54,1671
2016,Enero,La Pampa y Superi,PB58,1490
2016,Febrero,Virrey Cevallos y Chile,PB1,2559
2016,Febrero,Azopar-do y Mexico,PB2,817
2016,Febrero,Rincon y Carlos Calvo,PB3,2034
2016,Febrero,Virrey Liniers y C.Calvo,PB6,1903
2016,Febrero,Billin-ghurst y Peron,PB10,3802
2016,Febrero,Del Liber-tador y Montevideo,PB11,1901
2016,Febrero,Corredor Norte y Casares,PB12,3354
2016,Febrero,EEUU y 33 Orientales,PB32,1197
2016,Febrero,F. Alcorta y Derecho,PB36,1867
2016,Febrero,Montev y Peron,PB37,2572
2016,Febrero,Potosi y Rawson,PB39,1152
2016,Febrero,J. Alvarez y Padilla,PB40,1229
2016,Febrero,Chile y Tacuari,PB44,1168
2016,Febrero,Serrano y Loyola,PB45,2614
2016,Febrero,Gorriti y G. Cruz,PB46,2867
2016,Febrero,Cnel. Diaz y Mansilla,PB48,1591
2016,Febrero,11 de Sep y Monroe,PB49,1098
2016,Febrero,Arenales y Montevideo,PB52,1836
2016,Febrero,M.T. Alvear y Uriburu,PB54,1409
2016,Febrero,La Pampa y Superi,PB58,1503
2016,Marzo,Virrey Cevallos y Chile,PB1,2618
2016,Marzo,Azopar-do y Mexico,PB2,777
2016,Marzo,Rincon y Carlos Calvo,PB3,2174
2016,Marzo,Virrey Liniers y C.Calvo,PB6,2204
2016,Marzo,Billin-ghurst y Peron,PB10,3883
2016,Marzo,Del Liber-tador y Montevideo,PB11,1679
2016,Marzo,Corredor Norte y Casares,PB12,3083
2016,Marzo,EEUU y 33 Orientales,PB32,1478
2016,Marzo,F. Alcorta y Derecho,PB36,1789
2016,Marzo,Montev y Peron,PB37,2965
2016,Marzo,Potosi y Rawson,PB39,1476
2016,Marzo,J. Alvarez y Padilla,PB40,1276
2016,Marzo,Chile y Tacuari,PB44,910
2016,Marzo,Serrano y Loyola,PB45,2458
2016,Marzo,Gorriti y G. Cruz,PB46,3141
2016,Marzo,Cnel. Diaz y Mansilla,PB48,1790
2016,Marzo,11 de Sep y Monroe,PB49,830
2016,Marzo,Arenales y Montevideo,PB52,1692
2016,Marzo,M.T. Alvear y Uriburu,PB54,2235
2016,Marzo,La Pampa y Superi,PB58,1766
2016,Abril,Virrey Cevallos y Chile,PB1,3013
2016,Abril,Azopar-do y Mexico,PB2,710
2016,Abril,Rincon y Carlos Calvo,PB3,2252
2016,Abril,Virrey Liniers y C.Calvo,PB6,1883
2016,Abril,Billin-ghurst y Peron,PB10,4291
2016,Abril,Del Liber-tador y Montevideo,PB11,1546
2016,Abril,Corredor Norte y Casares,PB12,2998
2016,Abril,EEUU y 33 Orientales,PB32,1795
2016,Abril,F. Alcorta y Derecho,PB36,1982
2016,Abril,Montev y Peron,PB37,2768
2016,Abril,Potosi y Rawson,PB39,1537
2016,Abril,J. Alvarez y Padilla,PB40,1528
2016,Abril,Chile y Tacuari,PB44,1022
2016,Abril,Serrano y Loyola,PB45,2650
2016,Abril,Gorriti y G. Cruz,PB46,3014
2016,Abril,Cnel. Diaz y Mansilla,PB48,2000
2016,Abril,11 de Sep y Monroe,PB49,1497
2016,Abril,Arenales y Montevideo,PB52,2052
2016,Abril,M.T. Alvear y Uriburu,PB54,2912
2016,Abril,La Pampa y Superi,PB58,1345
2016,Mayo,Virrey Cevallos y Chile,PB1,2717
2016,Mayo,Azopar-do y Mexico,PB2,1065
2016,Mayo,Rincon y Carlos Calvo,PB3,2565
2016,Mayo,Virrey Liniers y C.Calvo,PB6,2312
2016,Mayo,Billin-ghurst y Peron,PB10,3692
2016,Mayo,Del Liber-tador y Montevideo,PB11,1544
2016,Mayo,Corredor Norte y Casares,PB12,2838
2016,Mayo,EEUU y 33 Orientales,PB32,1376
2016,Mayo,F. Alcorta y Derecho,PB36,1746
2016,Mayo,Montev y Peron,PB37,2490
2016,Mayo,Potosi y Rawson,PB39,1730
2016,Mayo,J. Alvarez y Padilla,PB40,1159
2016,Mayo,Chile y Tacuari,PB44,1053
2016,Mayo,Serrano y Loyola,PB45,2195
2016,Mayo,Gorriti y G. Cruz,PB46,2486
2016,Mayo,Cnel. Diaz y Mansilla,PB48,1845
2016,Mayo,11 de Sep y Monroe,PB49,1268
2016,Mayo,Arenales y Montevideo,PB52,1948
2016,Mayo,M.T. Alvear y Uriburu,PB54,1884
2016,Mayo,La Pampa y Superi,PB58,1275
2016,Junio,Virrey Cevallos y Chile,PB1,2413
2016,Junio,Azopar-do y Mexico,PB2,765
2016,Junio,Rincon y Carlos Calvo,PB3,1957
2016,Junio,Virrey Liniers y C.Calvo,PB6,1758
2016,Junio,Billin-ghurst y Peron,PB10,3937
2016,Junio,Del Liber-tador y Montevideo,PB11,1430
2016,Junio,Corredor Norte y Casares,PB12,2487
2016,Junio,EEUU y 33 Orientales,PB32,1472
2016,Junio,F. Alcorta y Derecho,PB36,1263
2016,Junio,Montev y Peron,PB37,2906
2016,Junio,Potosi y Rawson,PB39,1446
2016,Junio,J. Alvarez y Padilla,PB40,1293
2016,Junio,Chile y Tacuari,PB44,888
2016,Junio,Serrano y Loyola,PB45,2462
2016,Junio,Gorriti y G. Cruz,PB46,2161
2016,Junio,Cnel. Diaz y Mansilla,PB48,1702
2016,Junio,11 de Sep y Monroe,PB49,898
2016,Junio,Arenales y Montevideo,PB52,1915
2016,Junio,M.T. Alvear y Uriburu,PB54,1783
2016,Junio,La Pampa y Superi,PB58,1220
2016,Julio,Virrey Cevallos y Chile,PB1,2113
2016,Julio,Azopar-do y Mexico,PB2,609
2016,Julio,Rincon y Carlos Calvo,PB3,1282
2016,Julio,Virrey Liniers y C.Calvo,PB6,1250
2016,Julio,Billin-ghurst y Peron,PB10,2612
2016,Julio,Del Liber-tador y Montevideo,PB11,1327
2016,Julio,Corredor Norte y Casares,PB12,2230
2016,Julio,EEUU y 33 Orientales,PB32,1268
2016,Julio,F. Alcorta y Derecho,PB36,1497
2016,Julio,Montev y Peron,PB37,2438
2016,Julio,Potosi y Rawson,PB39,1024
2016,Julio,J. Alvarez y Padilla,PB40,1600
2016,Julio,Chile y Tacuari,PB44,897
2016,Julio,Serrano y Loyola,PB45,3204
2016,Julio,Gorriti y G. Cruz,PB46,3199
2016,Julio,Cnel. Diaz y Mansilla,PB48,1982
2016,Julio,11 de Sep y Monroe,PB49,1057
2016,Julio,Arenales y Montevideo,PB52,2212
2016,Julio,M.T. Alvear y Uriburu,PB54,2301
2016,Julio,La Pampa y Superi,PB58,960
2016,Agosto,Virrey Cevallos y Chile,PB1,3087
2016,Agosto,Azopar-do y Mexico,PB2,858
2016,Agosto,Rincon y Carlos Calvo,PB3,2255
2016,Agosto,Virrey Liniers y C.Calvo,PB6,2410
2016,Agosto,Billin-ghurst y Peron,PB10,5011
2016,Agosto,Del Liber-tador y Montevideo,PB11,1821
2016,Agosto,Corredor Norte y Casares,PB12,3534
2016,Agosto,EEUU y 33 Orientales,PB32,1293
2016,Agosto,F. Alcorta y Derecho,PB36,1422
2016,Agosto,Montev y Peron,PB37,2429
2016,Agosto,Potosi y Rawson,PB39,1259
2016,Agosto,J. Alvarez y Padilla,PB40,1454
2016,Agosto,Chile y Tacuari,PB44,1028
2016,Agosto,Serrano y Loyola,PB45,3906
2016,Agosto,Gorriti y G. Cruz,PB46,3691
2016,Agosto,Cnel. Diaz y Mansilla,PB48,3384
2016,Agosto,11 de Sep y Monroe,PB49,949
2016,Agosto,Arenales y Montevideo,PB52,2346
2016,Agosto,M.T. Alvear y Uriburu,PB54,2271
2016,Agosto,La Pampa y Superi,PB58,1209
2016,Septiembre,Virrey Cevallos y Chile,PB1,2206
2016,Septiembre,Azopar-do y Mexico,PB2,915
2016,Septiembre,Rincon y Carlos Calvo,PB3,2386
2016,Septiembre,Virrey Liniers y C.Calvo,PB6,2357
2016,Septiembre,Billin-ghurst y Peron,PB10,3501
2016,Septiembre,Del Liber-tador y Montevideo,PB11,1924
2016,Septiembre,Corredor Norte y Casares,PB12,4007
2016,Septiembre,EEUU y 33 Orientales,PB32,1498
2016,Septiembre,F. Alcorta y Derecho,PB36,2147
2016,Septiembre,Montev y Peron,PB37,2331
2016,Septiembre,Potosi y Rawson,PB39,1678
2016,Septiembre,J. Alvarez y Padilla,PB40,1994
2016,Septiembre,Chile y Tacuari,PB44,1202
2016,Septiembre,Serrano y Loyola,PB45,3061
2016,Septiembre,Gorriti y G. Cruz,PB46,4491
2016,Septiembre,Cnel. Diaz y Mansilla,PB48,2494
2016,Septiembre,11 de Sep y Monroe,PB49,1190
2016,Septiembre,Arenales y Montevideo,PB52,1674
2016,Septiembre,M.T. Alvear y Uriburu,PB54,2658
2016,Septiembre,La Pampa y Superi,PB58,1691
2016,Octubre,Virrey Cevallos y Chile,PB1,2615
2016,Octubre,Azopar-do y Mexico,PB2,812
2016,Octubre,Rincon y Carlos Calvo,PB3,2717
2016,Octubre,Virrey Liniers y C.Calvo,PB6,2689
2016,Octubre,Billin-ghurst y Peron,PB10,5473
2016,Octubre,Del Liber-tador y Montevideo,PB11,2080
2016,Octubre,Corredor Norte y Casares,PB12,3678
2016,Octubre,EEUU y 33 Orientales,PB32,1058
2016,Octubre,F. Alcorta y Derecho,PB36,1701
2016,Octubre,Montev y Peron,PB37,2843
2016,Octubre,Potosi y Rawson,PB39,1507
2016,Octubre,J. Alvarez y Padilla,PB40,1410
2016,Octubre,Chile y Tacuari,PB44,1173
2016,Octubre,Serrano y Loyola,PB45,3235
2016,Octubre,Gorriti y G. Cruz,PB46,3407
2016,Octubre,Cnel. Diaz y Mansilla,PB48,3060
2016,Octubre,11 de Sep y Monroe,PB49,1852
2016,Octubre,Arenales y Montevideo,PB52,1652
2016,Octubre,M.T. Alvear y Uriburu,PB54,2894
2016,Octubre,La Pampa y Superi,PB58,1527
2016,Noviembre,Virrey Cevallos y Chile,PB1,3276
2016,Noviembre,Azopar-do y Mexico,PB2,635
2016,Noviembre,Rincon y Carlos Calvo,PB3,3178
2016,Noviembre,Virrey Liniers y C.Calvo,PB6,2628
2016,Noviembre,Billin-ghurst y Peron,PB10,3568
2016,Noviembre,Del Liber-tador y Montevideo,PB11,2846
2016,Noviembre,Corredor Norte y Casares,PB12,4801
2016,Noviembre,EEUU y 33 Orientales,PB32,1649
2016,Noviembre,F. Alcorta y Derecho,PB36,2139
2016,Noviembre,Montev y Peron,PB37,3517
2016,Noviembre,Potosi y Rawson,PB39,1838
2016,Noviembre,J. Alvarez y Padilla,PB40,2204
2016,Noviembre,Chile y Tacuari,PB44,1178
2016,Noviembre,Serrano y Loyola,PB45,4216
2016,Noviembre,Gorriti y G. Cruz,PB46,4871
2016,Noviembre,Cnel. Diaz y Mansilla,PB48,4496
2016,Noviembre,11 de Sep y Monroe,PB49,1475
2016,Noviembre,Arenales y Montevideo,PB52,2105
2016,Noviembre,M.T. Alvear y Uriburu,PB54,3365
2016,Noviembre,La Pampa y Superi,PB58,1842
2016,Diciembre,Virrey Cevallos y Chile,PB1,2761
2016,Diciembre,Azopar-do y Mexico,PB2,822
2016,Diciembre,Rincon y Carlos Calvo,PB3,2135
2016,Diciembre,Virrey Liniers y C.Calvo,PB6,2102
2016,Diciembre,Billin-ghurst y Peron,PB10,4651
2016,Diciembre,Del Liber-tador y Montevideo,PB11,2691
2016,Diciembre,Corredor Norte y Casares,PB12,3540
2016,Diciembre,EEUU y 33 Orientales,PB32,1785
2016,Diciembre,F. Alcorta y Derecho,PB36,2039
2016,Diciembre,Montev y Peron,PB37,2473
2016,Diciembre,Potosi y Rawson,PB39,1772
2016,Diciembre,J. Alvarez y Padilla,PB40,1577
2016,Diciembre,Chile y Tacuari,PB44,1076
2016,Diciembre,Serrano y Loyola,PB45,3475
2016,Diciembre,Gorriti y G. Cruz,PB46,4974
2016,Diciembre,Cnel. Diaz y Mansilla,PB48,3054
2016,Diciembre,11 de Sep y Monroe,PB49,1224
2016,Diciembre,Arenales y Montevideo,PB52,1993
2016,Diciembre,M.T. Alvear y Uriburu,PB54,2916
2016,Diciembre,La Pampa y Superi,PB58,1343
2017,Enero,Virrey Cevallos y Chile,PB1,2211
2017,Enero,Azopar-do y Mexico,PB2,1212
2017,Enero,Rincon y Carlos Calvo,PB3,1861
2017,Enero,Virrey Liniers y C.Calvo,PB6,2136
2017,Enero,Billin-ghurst y Peron,PB10,3849
2017,Enero,Del Liber-tador y Montevideo,PB11,2405
2017,Enero,Corredor Norte y Casares,PB12,3936
2017,Enero,EEUU y 33 Orientales,PB32,1419
2017,Enero,F. Alcorta y Derecho,PB36,2379
2017,Enero,Montev y Peron,PB37,2453
2017,Enero,Potosi y Rawson,PB39,1535
2017,Enero,J. Alvarez y Padilla,PB40,1551
2017,Enero,Chile y Tacuari,PB44,1155
2017,Enero,Serrano y Loyola,PB45,3713
2017,Enero,Gorriti y G. Cruz,PB46,3512
2017,Enero,Cnel. Diaz y Mansilla,PB48,2420
2017,Enero,11 de Sep y Monroe,PB49,1169
2017,Enero,Arenales y Montevideo,PB52,1840
2017,Enero,M.T. Alvear y Uriburu,PB54,2209
2017,Enero,La Pampa y Superi,PB58,1507
2017,Febrero,Virrey Cevallos y Chile,PB1,2553
2017,Febrero,Azopar-do y Mexico,PB2,889
2017,Febrero,Rincon y Carlos Calvo,PB3,2234
2017,Febrero,Virrey Liniers y C.Calvo,PB6,2588
2017,Febrero,Billin-ghurst y Peron,PB10,4026
2017,Febrero,Del Liber-tador y Montevideo,PB11,2415
2017,Febrero,Corredor Norte y Casares,PB12,4445
2017,Febrero,EEUU y 33 Orientales,PB32,1206
2017,Febrero,F. Alcorta y Derecho,PB36,2290
2017,Febrero,Montev y Peron,PB37,2134
2017,Febrero,Potosi y Rawson,PB39,1617
2017,Febrero,J. Alvarez y Padilla,PB40,1436
2017,Febrero,Chile y Tacuari,PB44,1189
2017,Febrero,Serrano y Loyola,PB45,3226
2017,Febrero,Gorriti y G. Cruz,PB46,4265
2017,Febrero,Cnel. Diaz y Mansilla,PB48,2056
2017,Febrero,11 de Sep y Monroe,PB49,1440
2017,Febrero,Arenales y Montevideo,PB52,1922
2017,Febrero,M.T. Alvear y Uriburu,PB54,2510
2017,Febrero,La Pampa y Superi,PB58,1911
2017,Marzo,Virrey Cevallos y Chile,PB1,2194
2017,Marzo,Azopar-do y Mexico,PB2,1179
2017,Marzo,Rincon y Carlos Calvo,PB3,3528
2017,Marzo,Virrey Liniers y C.Calvo,PB6,2910
2017,Marzo,Billin-ghurst y Peron,PB10,6303
2017,Marzo,Del Liber-tador y Montevideo,PB11,1220
2017,Marzo,Corredor Norte y Casares,PB12,3957
2017,Marzo,EEUU y 33 Orientales,PB32,1892
2017,Marzo,F. Alcorta y Derecho,PB36,2030
2017,Marzo,Montev y Peron,PB37,3713
2017,Marzo,Potosi y Rawson,PB39,1662
2017,Marzo,J. Alvarez y Padilla,PB40,1836
2017,Marzo,Chile y Tacuari,PB44,1898
2017,Marzo,Serrano y Loyola,PB45,3174
2017,Marzo,Gorriti y G. Cruz,PB46,3128
2017,Marzo,Cnel. Diaz y Mansilla,PB48,2192
2017,Marzo,11 de Sep y Monroe,PB49,1516
2017,Marzo,Arenales y Montevideo,PB52,2492
2017,Marzo,M.T. Alvear y Uriburu,PB54,3089
2017,Marzo,La Pampa y Superi,PB58,2030
2017,Abril,Virrey Cevallos y Chile,PB1,2928
2017,Abril,Azopar-do y Mexico,PB2,842
2017,Abril,Rincon y Carlos Calvo,PB3,2988
2017,Abril,Virrey Liniers y C.Calvo,PB6,2688
2017,Abril,Billin-ghurst y Peron,PB10,5762
2017,Abril,Del Liber-tador y Montevideo,PB11,1571
2017,Abril,Corredor Norte y Casares,PB12,4008
2017,Abril,EEUU y 33 Orientales,PB32,2090
2017,Abril,F. Alcorta y Derecho,PB36,2476
2017,Abril,Montev y Peron,PB37,3000
2017,Abril,Potosi y Rawson,PB39,1965
2017,Abril,J. Alvarez y Padilla,PB40,2128
2017,Abril,Chile y Tacuari,PB44,1798
2017,Abril,Serrano y Loyola,PB45,3387
2017,Abril,Gorriti y G. Cruz,PB46,3710
2017,Abril,Cnel. Diaz y Mansilla,PB48,2510
2017,Abril,11 de Sep y Monroe,PB49,1757
2017,Abril,Arenales y Montevideo,PB52,2382
2017,Abril,M.T. Alvear y Uriburu,PB54,4477
2017,Abril,La Pampa y Superi,PB58,1622
2017,Mayo,Virrey Cevallos y Chile,PB1,2638
2017,Mayo,Azopar-do y Mexico,PB2,1064
2017,Mayo,Rincon y Carlos Calvo,PB3,2284
2017,Mayo,Virrey Liniers y C.Calvo,PB6,3112
2017,Mayo,Billin-ghurst y Peron,PB10,4222
2017,Mayo,Del Liber-tador y Montevideo,PB11,2662
2017,Mayo,Corredor Norte y Casares,PB12,3160
2017,Mayo,EEUU y 33 Orientales,PB32,1723
2017,Mayo,F. Alcorta y Derecho,PB36,2357
2017,Mayo,Montev y Peron,PB37,2897
2017,Mayo,Potosi y Rawson,PB39,2410
2017,Mayo,J. Alvarez y Padilla,PB40,1621
2017,Mayo,Chile y Tacuari,PB44,1760
2017,Mayo,Serrano y Loyola,PB45,3047
2017,Mayo,Gorriti y G. Cruz,PB46,2612
2017,Mayo,Cnel. Diaz y Mansilla,PB48,2280
2017,Mayo,11 de Sep y Monroe,PB49,1560
2017,Mayo,Arenales y Montevideo,PB52,2151
2017,Mayo,M.T. Alvear y Uriburu,PB54,2691
2017,Mayo,La Pampa y Superi,PB58,1874
2017,Junio,Virrey Cevallos y Chile,PB1,2688
2017,Junio,Azopar-do y Mexico,PB2,1106
2017,Junio,Rincon y Carlos Calvo,PB3,2382
2017,Junio,Virrey Liniers y C.Calvo,PB6,2000
2017,Junio,Billin-ghurst y Peron,PB10,5400
2017,Junio,Del Liber-tador y Montevideo,PB11,1172
2017,Junio,Corredor Norte y Casares,PB12,2903
2017,Junio,EEUU y 33 Orientales,PB32,1404
2017,Junio,F. Alcorta y Derecho,PB36,1193
2017,Junio,Montev y Peron,PB37,2116
2017,Junio,Potosi y Rawson,PB39,1115
2017,Junio,J. Alvarez y Padilla,PB40,1267
2017,Junio,Chile y Tacuari,PB44,1696
2017,Junio,Serrano y Loyola,PB45,2723
2017,Junio,Gorriti y G. Cruz,PB46,3043
2017,Junio,Cnel. Diaz y Mansilla,PB48,2078
2017,Junio,11 de Sep y Monroe,PB49,928
2017,Junio,Arenales y Montevideo,PB52,1944
2017,Junio,M.T. Alvear y Uriburu,PB54,2324
2017,Junio,La Pampa y Superi,PB58,1461
2017,Julio,Virrey Cevallos y Chile,PB1,2016
2017,Julio,Azopar-do y Mexico,PB2,996
2017,Julio,Rincon y Carlos Calvo,PB3,1665
2017,Julio,Virrey Liniers y C.Calvo,PB6,1492
2017,Julio,Billin-ghurst y Peron,PB10,2661
2017,Julio,Del Liber-tador y Montevideo,PB11,1617
2017,Julio,Corredor Norte y Casares,PB12,2615
2017,Julio,EEUU y 33 Orientales,PB32,902
2017,Julio,F. Alcorta y Derecho,PB36,1787
2017,Julio,Montev y Peron,PB37,1907
2017,Julio,Potosi y Rawson,PB39,969
2017,Julio,J. Alvarez y Padilla,PB40,930
2017,Julio,Chile y Tacuari,PB44,1788
2017,Julio,Serrano y Loyola,PB45,2244
2017,Julio,Gorriti y G. Cruz,PB46,2475
2017,Julio,Cnel. Diaz y Mansilla,PB48,1237
2017,Julio,11 de Sep y Monroe,PB49,842
2017,Julio,Arenales y Montevideo,PB52,1248
2017,Julio,M.T. Alvear y Uriburu,PB54,1259
2017,Julio,La Pampa y Superi,PB58,1058
2017,Agosto,Virrey Cevallos y Chile,PB1,2400
2017,Agosto,Azopar-do y Mexico,PB2,786
2017,Agosto,Rincon y Carlos Calvo,PB3,2978
2017,Agosto,Virrey Liniers y C.Calvo,PB6,2327
2017,Agosto,Billin-ghurst y Peron,PB10,4149
2017,Agosto,Del Liber-tador y Montevideo,PB11,2868
2017,Agosto,Corredor Norte y Casares,PB12,4129
2017,Agosto,EEUU y 33 Orientales,PB32,1313
2017,Agosto,F. Alcorta y Derecho,PB36,2240
2017,Agosto,Montev y Peron,PB37,2346
2017,Agosto,Potosi y Rawson,PB39,1696
2017,Agosto,J. Alvarez y Padilla,PB40,1688
2017,Agosto,Chile y Tacuari,PB44,1779
2017,Agosto,Serrano y Loyola,PB45,4143
2017,Agosto,Gorriti y G. Cruz,PB46,4427
2017,Agosto,Cnel. Diaz y Mansilla,PB48,2377
2017,Agosto,11 de Sep y Monroe,PB49,1072
2017,Agosto,Arenales y Montevideo,PB52,1653
2017,Agosto,M.T. Alvear y Uriburu,PB54,1886
2017,Agosto,La Pampa y Superi,PB58,1374
2017,Septiembre,Virrey Cevallos y Chile,PB1,2770
2017,Septiembre,Azopar-do y Mexico,PB2,977
2017,Septiembre,Rincon y Carlos Calvo,PB3,2875
2017,Septiembre,Virrey Liniers y C.Calvo,PB6,2425
2017,Septiembre,Billin-ghurst y Peron,PB10,4510
2017,Septiembre,Del Liber-tador y Montevideo,PB11,2937
2017,Septiembre,Corredor Norte y Casares,PB12,3625
2017,Septiembre,EEUU y 33 Orientales,PB32,1723
2017,Septiembre,F. Alcorta y Derecho,PB36,2615
2017,Septiembre,Montev y Peron,PB37,2584
2017,Septiembre,Potosi y Rawson,PB39,1793
2017,Septiembre,J. Alvarez y Padilla,PB40,1359
2017,Septiembre,Chile y Tacuari,PB44,1843
2017,Septiembre,Serrano y Loyola,PB45,2997
2017,Septiembre,Gorriti y G. Cruz,PB46,3466
2017,Septiembre,Cnel. Diaz y Mansilla,PB48,2299
2017,Septiembre,11 de Sep y Monroe,PB49,1286
2017,Septiembre,Arenales y Montevideo,PB52,1699
2017,Septiembre,M.T. Alvear y Uriburu,PB54,2654
2017,Septiembre,La Pampa y Superi,PB58,1430
2017,Octubre,Virrey Cevallos y Chile,PB1,3195
2017,Octubre,Azopar-do y Mexico,PB2,1148
2017,Octubre,Rincon y Carlos Calvo,PB3,2915
2017,Octubre,Virrey Liniers y C.Calvo,PB6,1958
2017,Octubre,Billin-ghurst y Peron,PB10,3746
2017,Octubre,Del Liber-tador y Montevideo,PB11,3323
2017,Octubre,Corredor Norte y Casares,PB12,4354
2017,Octubre,EEUU y 33 Orientales,PB32,1842
2017,Octubre,F. Alcorta y Derecho,PB36,2199
2017,Octubre,Montev y Peron,PB37,3185
2017,Octubre,Potosi y Rawson,PB39,1362
2017,Octubre,J. Alvarez y Padilla,PB40,2075
2017,Octubre,Chile y Tacuari,PB44,2058
2017,Octubre,Serrano y Loyola,PB45,3849
2017,Octubre,Gorriti y G. Cruz,PB46,3839
2017,Octubre,Cnel. Diaz y Mansilla,PB48,2569
2017,Octubre,11 de Sep y Monroe,PB49,1433
2017,Octubre,Arenales y Montevideo,PB52,2432
2017,Octubre,M.T. Alvear y Uriburu,PB54,3519
2017,Octubre,La Pampa y Superi,PB58,1629
2017,Noviembre,Virrey Cevallos y Chile,PB1,3358
2017,Noviembre,Azopar-do y Mexico,PB2,1115
2017,Noviembre,Rincon y Carlos Calvo,PB3,2759
2017,Noviembre,Virrey Liniers y C.Calvo,PB6,2459
2017,Noviembre,Billin-ghurst y Peron,PB10,6251
2017,Noviembre,Del Liber-tador y Montevideo,PB11,2675
2017,Noviembre,Corredor Norte y Casares,PB12,4548
2017,Noviembre,EEUU y 33 Orientales,PB32,1624
2017,Noviembre,F. Alcorta y Derecho,PB36,2498
2017,Noviembre,Montev y Peron,PB37,2898
2017,Noviembre,Potosi y Rawson,PB39,1413
2017,Noviembre,J. Alvarez y Padilla,PB40,2358
2017,Noviembre,Chile y Tacuari,PB44,1929
2017,Noviembre,Serrano y Loyola,PB45,4996
2017,Noviembre,Gorriti y G. Cruz,PB46,4330
2017,Noviembre,Cnel. Diaz y Mansilla,PB48,3083
2017,Noviembre,11 de Sep y Monroe,PB49,1341
2017,Noviembre,Arenales y Montevideo,PB52,2245
2017,Noviembre,M.T. Alvear y Uriburu,PB54,3071
2017,Noviembre,La Pampa y Superi,PB58,1446
2017,Diciembre,Virrey Cevallos y Chile,PB1,3276
2017,Diciembre,Azopar-do y Mexico,PB2,1029
2017,Diciembre,Rincon y Carlos Calvo,PB3,2065
2017,Diciembre,Virrey Liniers y C.Calvo,PB6,2232
2017,Diciembre,Billin-ghurst y Peron,PB10,5409
2017,Diciembre,Del Liber-tador y Montevideo,PB11,1981
2017,Diciembre,Corredor Norte y Casares,PB12,3868
2017,Diciembre,EEUU y 33 Orientales,PB32,1639
2017,Diciembre,F. Alcorta y Derecho,PB36,2001
2017,Diciembre,Montev y Peron,PB37,2537
2017,Diciembre,Potosi y Rawson,PB39,1872
2017,Diciembre,J. Alvarez y Padilla,PB40,1542
2017,Diciembre,Chile y Tacuari,PB44,2860
2017,Diciembre,Serrano y Loyola,PB45,3985
2017,Diciembre,Gorriti y G. Cruz,PB46,3272
2017,Diciembre,Cnel. Diaz y Mansilla,PB48,1977
2017,Diciembre,11 de Sep y Monroe,PB49,858
2017,Diciembre,Arenales y Montevideo,PB52,1788
2017,Diciembre,M.T. Alvear y Uriburu,PB54,3020
2017,Diciembre,La Pampa y Superi,PB58,2195
2018,Enero,Virrey Cevallos y Chile,PB1,2541
2018,Enero,Azopar-do y Mexico,PB2,1006
2018,Enero,Rincon y Carlos Calvo,PB3,2096
2018,Enero,Virrey Liniers y C.Calvo,PB6,1959
2018,Enero,Billin-ghurst y Peron,PB10,3813
2018,Enero,Del Liber-tador y Montevideo,PB11,1934
2018,Enero,Corredor Norte y Casares,PB12,4162
2018,Enero,EEUU y 33 Orientales,PB32,1532
2018,Enero,F. Alcorta y Derecho,PB36,2583
2018,Enero,Montev y Peron,PB37,2668
2018,Enero,Potosi y Rawson,PB39,1401
2018,Enero,J. Alvarez y Padilla,PB40,1362
2018,Enero,Chile y Tacuari,PB44,2739
2018,Enero,Serrano y Loyola,PB45,2743
2018,Enero,Gorriti y G. Cruz,PB46,3590
2018,Enero,Cnel. Diaz y Mansilla,PB48,2393
2018,Enero,11 de Sep y Monroe,PB49,1161
2018,Enero,Arenales y Montevideo,PB52,1843
2018,Enero,M.T. Alvear y Uriburu,PB54,2744
2018,Enero,La Pampa y Superi,PB58,1579
2018,Febrero,Virrey Cevallos y Chile,PB1,3032
2018,Febrero,Azopar-do y Mexico,PB2,827
2018,Febrero,Rincon y Carlos Calvo,PB3,2232
2018,Febrero,Virrey Liniers y C.Calvo,PB6,1893
2018,Febrero,Billin-ghurst y Peron,PB10,3980
2018,Febrero,Del Liber-tador y Montevideo,PB11,2468
2018,Febrero,Corredor Norte y Casares,PB12,3749
2018,Febrero,EEUU y 33 Orientales,PB32,1427
2018,Febrero,F. Alcorta y Derecho,PB36,2319
2018,Febrero,Montev y Peron,PB37,3272
2018,Febrero,Potosi y Rawson,PB39,1633
2018,Febrero,J. Alvarez y Padilla,PB40,1767
2018,Febrero,Chile y Tacuari,PB44,2686
2018,Febrero,Serrano y Loyola,PB45,3636
2018,Febrero,Gorriti y G. Cruz,PB46,3614
2018,Febrero,Cnel. Diaz y Mansilla,PB48,2859
2018,Febrero,11 de Sep y Monroe,PB49,1236
2018,Febrero,Arenales y Montevideo,PB52,2271
2018,Febrero,M.T. Alvear y Uriburu,PB54,3097
2018,Febrero,La Pampa y Superi,PB58,1815
2018,Marzo,Virrey Cevallos y Chile,PB1,3240
2018,Marzo,Azopar-do y Mexico,PB2,862
2018,Marzo,Rincon y Carlos Calvo,PB3,2599
2018,Marzo,Virrey Liniers y C.Calvo,PB6,2873
2018,Marzo,Billin-ghurst y Peron,PB10,5398
2018,Marzo,Del Liber-tador y Montevideo,PB11,3027
2018,Marzo,Corredor Norte y Casares,PB12,4055
2018,Marzo,EEUU y 33 Orientales,PB32,2241
2018,Marzo,F. Alcorta y Derecho,PB36,2543
2018,Marzo,Montev y Peron,PB37,3157
2018,Marzo,Potosi y Rawson,PB39,1954
2018,Marzo,J. Alvarez y Padilla,PB40,1935
2018,Marzo,Chile y Tacuari,PB44,2746
2018,Marzo,Serrano y Loyola,PB45,3802
2018,Marzo,Gorriti y G. Cruz,PB46,4061
2018,Marzo,Cnel. Diaz y Mansilla,PB48,2857
2018,Marzo,11 de Sep y Monroe,PB49,1181
2018,Marzo,Arenales y Montevideo,PB52,2314
2018,Marzo,M.T. Alvear y Uriburu,PB54,3164
2018,Marzo,La Pampa y Superi,PB58,2026
2018,Abril,Virrey Cevallos y Chile,PB1,1729
2018,Abril,Azopar-do y Mexico,PB2,1089
2018,Abril,Rincon y Carlos Calvo,PB3,2917
2018,Abril,Virrey Liniers y C.Calvo,PB6,2725
2018,Abril,Billin-ghurst y Peron,PB10,4983
2018,Abril,Del Liber-tador y Montevideo,PB11,2379
2018,Abril,Corredor Norte y Casares,PB12,4237
2018,Abril,EEUU y 33 Orientales,PB32,2297
2018,Abril,F. Alcorta y Derecho,PB36,2681
2018,Abril,Montev y Peron,PB37,3425
2018,Abril,Potosi y Rawson,PB39,2102
2018,Abril,J. Alvarez y Padilla,PB40,1880
2018,Abril,Chile y Tacuari,PB44,2830
2018,Abril,Serrano y Loyola,PB45,3266
2018,Abril,Gorriti y G. Cruz,PB46,4028
2018,Abril,Cnel. Diaz y Mansilla,PB48,2751
2018,Abril,11 de Sep y Monroe,PB49,1263
2018,Abril,Arenales y Montevideo,PB52,2340
2018,Abril,M.T. Alvear y Uriburu,PB54,3595
2018,Abril,La Pampa y Superi,PB58,2363
2018,Mayo,Virrey Cevallos y Chile,PB1,2849
2018,Mayo,Azopar-do y Mexico,PB2,1113
2018,Mayo,Rincon y Carlos Calvo,PB3,3205
2018,Mayo,Virrey Liniers y C.Calvo,PB6,2703
2018,Mayo,Billin-ghurst y Peron,PB10,4746
2018,Mayo,Del Liber-tador y Montevideo,PB11,2649
2018,Mayo,Corredor Norte y Casares,PB12,3486
2018,Mayo,EEUU y 33 Orientales,PB32,1799
2018,Mayo,F. Alcorta y Derecho,PB36,2366
2018,Mayo,Montev y Peron,PB37,3019
2018,Mayo,Potosi y Rawson,PB39,2108
2018,Mayo,J. Alvarez y Padilla,PB40,1484
2018,Mayo,Chile y Tacuari,PB44,2958
2018,Mayo,Serrano y Loyola,PB45,3932
2018,Mayo,Gorriti y G. Cruz,PB46,2921
2018,Mayo,Cnel. Diaz y Mansilla,PB48,2654
2018,Mayo,11 de Sep y Monroe,PB49,1277
2018,Mayo,Arenales y Montevideo,PB52,2241
2018,Mayo,M.T. Alvear y Uriburu,PB54,2907
2018,Mayo,La Pampa y Superi,PB58,1722
2018,Junio,Virrey Cevallos y Chile,PB1,3392
2018,Junio,Azopar-do y Mexico,PB2,1092
2018,Junio,Rincon y Carlos Calvo,PB3,2521
2018,Junio,Virrey Liniers y C.Calvo,PB6,2222
2018,Junio,Billin-ghurst y Peron,PB10,4546
2018,Junio,Del Liber-tador y Montevideo,PB11,1988
2018,Junio,Corredor Norte y Casares,PB12,2957
2018,Junio,EEUU y 33 Orientales,PB32,1498
2018,Junio,F. Alcorta y Derecho,PB36,1605
2018,Junio,Montev y Peron,PB37,3146
2018,Junio,Potosi y Rawson,PB39,1595
2018,Junio,J. Alvarez y Padilla,PB40,1502
2018,Junio,Chile y Tacuari,PB44,2741
2018,Junio,Serrano y Loyola,PB45,2885
2018,Junio,Gorriti y G. Cruz,PB46,3076
2018,Junio,Cnel. Diaz y Mansilla,PB48,2416
2018,Junio,11 de Sep y Monroe,PB49,1125
2018,Junio,Arenales y Montevideo,PB52,1996
2018,Junio,M.T. Alvear y Uriburu,PB54,3674
2018,Junio,La Pampa y Superi,PB58,1665
2018,Julio,Virrey Cevallos y Chile,PB1,2844
2018,Julio,Azopar-do y Mexico,PB2,833
2018,Julio,Rincon y Carlos Calvo,PB3,1929
2018,Julio,Virrey Liniers y C.Calvo,PB6,2073
2018,Julio,Billin-ghurst y Peron,PB10,4422
2018,Julio,Del Liber-tador y Montevideo,PB11,1464
2018,Julio,Corredor Norte y Casares,PB12,2308
2018,Julio,EEUU y 33 Orientales,PB32,1531
2018,Julio,F. Alcorta y Derecho,PB36,1224
2018,Julio,Montev y Peron,PB37,3146
2018,Julio,Potosi y Rawson,PB39,1553
2018,Julio,J. Alvarez y Padilla,PB40,1617
2018,Julio,Chile y Tacuari,PB44,2734
2018,Julio,Serrano y Loyola,PB45,3144
2018,Julio,Gorriti y G. Cruz,PB46,2615
2018,Julio,Cnel. Diaz y Mansilla,PB48,2089
2018,Julio,11 de Sep y Monroe,PB49,953
2018,Julio,Arenales y Montevideo,PB52,2035
2018,Julio,M.T. Alvear y Uriburu,PB54,3184
2018,Julio,La Pampa y Superi,PB58,1317
2018,Agosto,Virrey Cevallos y Chile,PB1,2934
2018,Agosto,Azopar-do y Mexico,PB2,830
2018,Agosto,Rincon y Carlos Calvo,PB3,2281
2018,Agosto,Virrey Liniers y C.Calvo,PB6,2527
2018,Agosto,Billin-ghurst y Peron,PB10,4546
2018,Agosto,Del Liber-tador y Montevideo,PB11,2135
2018,Agosto,Corredor Norte y Casares,PB12,2596
2018,Agosto,EEUU y 33 Orientales,PB32,2027
2018,Agosto,F. Alcorta y Derecho,PB36,1618
2018,Agosto,Montev y Peron,PB37,2926
2018,Agosto,Potosi y Rawson,PB39,1958
2018,Agosto,J. Alvarez y Padilla,PB40,1618
2018,Agosto,Chile y Tacuari,PB44,2682
2018,Agosto,Serrano y Loyola,PB45,2916
2018,Agosto,Gorriti y G. Cruz,PB46,3576
2018,Agosto,Cnel. Diaz y Mansilla,PB48,2722
2018,Agosto,11 de Sep y Monroe,PB49,1106
2018,Agosto,Arenales y Montevideo,PB52,2284
2018,Agosto,M.T. Alvear y Uriburu,PB54,3403
2018,Agosto,La Pampa y Superi,PB58,1700
2018,Septiembre,Virrey Cevallos y Chile,PB1,4304
2018,Septiembre,Azopar-do y Mexico,PB2,1120
2018,Septiembre,Rincon y Carlos Calvo,PB3,3026
2018,Septiembre,Virrey Liniers y C.Calvo,PB6,2952
2018,Septiembre,Billin-ghurst y Peron,PB10,5581
2018,Septiembre,Del Liber-tador y Montevideo,PB11,2961
2018,Septiembre,Corredor Norte y Casares,PB12,3904
2018,Septiembre,EEUU y 33 Orientales,PB32,2506
2018,Septiembre,F. Alcorta y Derecho,PB36,2778
2018,Septiembre,Montev y Peron,PB37,3644
2018,Septiembre,Potosi y Rawson,PB39,2536
2018,Septiembre,J. Alvarez y Padilla,PB40,2144
2018,Septiembre,Chile y Tacuari,PB44,2772
2018,Septiembre,Serrano y Loyola,PB45,4360
2018,Septiembre,Gorriti y G. Cruz,PB46,4489
2018,Septiembre,Cnel. Diaz y Mansilla,PB48,3096
2018,Septiembre,11 de Sep y Monroe,PB49,1473
2018,Septiembre,Arenales y Montevideo,PB52,2631
2018,Septiembre,M.T. Alvear y Uriburu,PB54,4301
2018,Septiembre,La Pampa y Superi,PB58,2118
2018,Octubre,Virrey Cevallos y Chile,PB1,4612
2018,Octubre,Azopar-do y Mexico,PB2,1230
2018,Octubre,Rincon y Carlos Calvo,PB3,2982
2018,Octubre,Virrey Liniers y C.Calvo,PB6,3342
2018,Octubre,Billin-ghurst y Peron,PB10,6322
2018,Octubre,Del Liber-tador y Montevideo,PB11,3570
2018,Octubre,Corredor Norte y Casares,PB12,4467
2018,Octubre,EEUU y 33 Orientales,PB32,2239
2018,Octubre,F. Alcorta y Derecho,PB36,3092
2018,Octubre,Montev y Peron,PB37,4444
2018,Octubre,Potosi y Rawson,PB39,2460
2018,Octubre,J. Alvarez y Padilla,PB40,1663
2018,Octubre,Chile y Tacuari,PB44,3646
2018,Octubre,Serrano y Loyola,PB45,3519
2018,Octubre,Gorriti y G. Cruz,PB46,4789
2018,Octubre,Cnel. Diaz y Mansilla,PB48,2817
2018,Octubre,11 de Sep y Monroe,PB49,1685
2018,Octubre,Arenales y Montevideo,PB52,2538
2018,Octubre,M.T. Alvear y Uriburu,PB54,4570
2018,Octubre,La Pampa y Superi,PB58,3053
2018,Noviembre,Virrey Cevallos y Chile,PB1,3987
2018,Noviembre,Azopar-do y Mexico,PB2,1091
2018,Noviembre,Rincon y Carlos Calvo,PB3,2582
2018,Noviembre,Virrey Liniers y C.Calvo,PB6,2632
2018,Noviembre,Billin-ghurst y Peron,PB10,5529
2018,Noviembre,Del Liber-tador y Montevideo,PB11,3488
2018,Noviembre,Corredor Norte y Casares,PB12,3953
2018,Noviembre,EEUU y 33 Orientales,PB32,2101
2018,Noviembre,F. Alcorta y Derecho,PB36,2469
2018,Noviembre,Montev y Peron,PB37,3494
2018,Noviembre,Potosi y Rawson,PB39,2091
2018,Noviembre,J. Alvarez y Padilla,PB40,1832
2018,Noviembre,Chile y Tacuari,PB44,3443
2018,Noviembre,Serrano y Loyola,PB45,3858
2018,Noviembre,Gorriti y G. Cruz,PB46,4545
2018,Noviembre,Cnel. Diaz y Mansilla,PB48,2811
2018,Noviembre,11 de Sep y Monroe,PB49,1387
2018,Noviembre,Arenales y Montevideo,PB52,2445
2018,Noviembre,M.T. Alvear y Uriburu,PB54,4550
2018,Noviembre,La Pampa y Superi,PB58,2637
2018,Diciembre,Virrey Cevallos y Chile,PB1,3849
2018,Diciembre,Azopar-do y Mexico,PB2,888
2018,Diciembre,Rincon y Carlos Calvo,PB3,3124
2018,Diciembre,Virrey Liniers y C.Calvo,PB6,3278
2018,Diciembre,Billin-ghurst y Peron,PB10,4541
2018,Diciembre,Del Liber-tador y Montevideo,PB11,2748
2018,Diciembre,Corredor Norte y Casares,PB12,4768
2018,Diciembre,EEUU y 33 Orientales,PB32,1878
2018,Diciembre,F. Alcorta y Derecho,PB36,2934
2018,Diciembre,Montev y Peron,PB37,3462
2018,Diciembre,Potosi y Rawson,PB39,2209
2018,Diciembre,J. Alvarez y Padilla,PB40,2410
2018,Diciembre,Chile y Tacuari,PB44,4123
2018,Diciembre,Serrano y Loyola,PB45,4561
2018,Diciembre,Gorriti y G. Cruz,PB46,4368
2018,Diciembre,Cnel. Diaz y Mansilla,PB48,3190
2018,Diciembre,11 de Sep y Monroe,PB49,1474
2018,Diciembre,Arenales y Montevideo,PB52,2661
2018,Diciembre,M.T. Alvear y Uriburu,PB54,3590
2018,Diciembre,La Pampa y Superi,PB58,2511
2019,Enero,Virrey Cevallos y Chile,PB1,3323
2019,Enero,Azopar-do y Mexico,PB2,723
2019,Enero,Rincon y Carlos Calvo,PB3,2729
2019,Enero,Virrey Liniers y C.Calvo,PB6,2646
2019,Enero,Billin-ghurst y Peron,PB10,4265
2019,Enero,Del Liber-tador y Montevideo,PB11,2083
2019,Enero,Corredor Norte y Casares,PB12,4104
2019,Enero,EEUU y 33 Orientales,PB32,1907
2019,Enero,F. Alcorta y Derecho,PB36,2258
2019,Enero,Montev y Peron,PB37,2912
2019,Enero,Potosi y Rawson,PB39,1557
2019,Enero,J. Alvarez y Padilla,PB40,1768
2019,Enero,Chile y Tacuari,PB44,3467
2019,Enero,Serrano y Loyola,PB45,3332
2019,Enero,Gorriti y G. Cruz,PB46,4173
2019,Enero,Cnel. Diaz y Mansilla,PB48,2484
2019,Enero,11 de Sep y Monroe,PB49,1032
2019,Enero,Arenales y Montevideo,PB52,1902
2019,Enero,M.T. Alvear y Uriburu,PB54,2775
2019,Enero,La Pampa y Superi,PB58,2462
2019,Febrero,Virrey Cevallos y Chile,PB1,3842
2019,Febrero,Azopar-do y Mexico,PB2,824
2019,Febrero,Rincon y Carlos Calvo,PB3,3117
2019,Febrero,Virrey Liniers y C.Calvo,PB6,2657
2019,Febrero,Billin-ghurst y Peron,PB10,5438
2019,Febrero,Del Liber-tador y Montevideo,PB11,2880
2019,Febrero,Corredor Norte y Casares,PB12,4708
2019,Febrero,EEUU y 33 Orientales,PB32,2027
2019,Febrero,F. Alcorta y Derecho,PB36,2724
2019,Febrero,Montev y Peron,PB37,3666
2019,Febrero,Potosi y Rawson,PB39,2179
2019,Febrero,J. Alvarez y Padilla,PB40,2157
2019,Febrero,Chile y Tacuari,PB44,3674
2019,Febrero,Serrano y Loyola,PB45,4208
2019,Febrero,Gorriti y G. Cruz,PB46,5087
2019,Febrero,Cnel. Diaz y Mansilla,PB48,3170
2019,Febrero,11 de Sep y Monroe,PB49,1016
2019,Febrero,Arenales y Montevideo,PB52,2384
2019,Febrero,M.T. Alvear y Uriburu,PB54,3609
2019,Febrero,La Pampa y Superi,PB58,3511
2019,Marzo,Virrey Cevallos y Chile,PB1,3943
2019,Marzo,Azopar-do y Mexico,PB2,1057
2019,Marzo,Rincon y Carlos Calvo,PB3,3389
2019,Marzo,Virrey Liniers y C.Calvo,PB6,3269
2019,Marzo,Billin-ghurst y Peron,PB10,5656
2019,Marzo,Del Liber-tador y Montevideo,PB11,2729
2019,Marzo,Corredor Norte y Casares,PB12,4577
2019,Marzo,EEUU y 33 Orientales,PB32,2499
2019,Marzo,F. Alcorta y Derecho,PB36,2701
2019,Marzo,Montev y Peron,PB37,3986
2019,Marzo,Potosi y Rawson,PB39,2352
2019,Marzo,J. Alvarez y Padilla,PB40,2193
2019,Marzo,Chile y Tacuari,PB44,3692
2019,Marzo,Serrano y Loyola,PB45,4245
2019,Marzo,Gorriti y G. Cruz,PB46,4832
2019,Marzo,Cnel. Diaz y Mansilla,PB48,3050
2019,Marzo,11 de Sep y Monroe,PB49,1288
2019,Marzo,Arenales y Montevideo,PB52,2458
2019,Marzo,M.T. Alvear y Uriburu,PB54,3651
2019,Marzo,La Pampa y Superi,PB58,3722
2019,Abril,Virrey Cevallos y Chile,PB1,4045
2019,Abril,Azopar-do y Mexico,PB2,1063
2019,Abril,Rincon y Carlos Calvo,PB3,3457
2019,Abril,Virrey Liniers y C.Calvo,PB6,3351
2019,Abril,Billin-ghurst y Peron,PB10,5486
2019,Abril,Del Liber-tador y Montevideo,PB11,2745
2019,Abril,Corredor Norte y Casares,PB12,4607
2019,Abril,EEUU y 33 Orientales,PB32,2210
2019,Abril,F. Alcorta y Derecho,PB36,2803
2019,Abril,Montev y Peron,PB37,3795
2019,Abril,Potosi y Rawson,PB39,2453
2019,Abril,J. Alvarez y Padilla,PB40,2134
2019,Abril,Chile y Tacuari,PB44,3763
2019,Abril,Serrano y Loyola,PB45,4003
2019,Abril,Gorriti y G. Cruz,PB46,4887
2019,Abril,Cnel. Diaz y Mansilla,PB48,3068
2019,Abril,11 de Sep y Monroe,PB49,1359
2019,Abril,Arenales y Montevideo,PB52,2471
2019,Abril,M.T. Alvear y Uriburu,PB54,3698
2019,Abril,La Pampa y Superi,PB58,3508
2019,Mayo,Virrey Cevallos y Chile,PB1,4029
2019,Mayo,Azopar-do y Mexico,PB2,1016
2019,Mayo,Rincon y Carlos Calvo,PB3,3150
2019,Mayo,Virrey Liniers y C.Calvo,PB6,3022
2019,Mayo,Billin-ghurst y Peron,PB10,5320
2019,Mayo,Del Liber-tador y Montevideo,PB11,3262
2019,Mayo,Corredor Norte y Casares,PB12,4635
2019,Mayo,EEUU y 33 Orientales,PB32,2083
2019,Mayo,F. Alcorta y Derecho,PB36,3576
2019,Mayo,Montev y Peron,PB37,3544
2019,Mayo,Potosi y Rawson,PB39,2174
2019,Mayo,J. Alvarez y Padilla,PB40,2096
2019,Mayo,Chile y Tacuari,PB44,4924
2019,Mayo,Serrano y Loyola,PB45,4070
2019,Mayo,Gorriti y G. Cruz,PB46,4979
2019,Mayo,Cnel. Diaz y Mansilla,PB48,3213
2019,Mayo,11 de Sep y Monroe,PB49,1163
2019,Mayo,Arenales y Montevideo,PB52,3079
2019,Mayo,M.T. Alvear y Uriburu,PB54,4932
2019,Mayo,La Pampa y Superi,PB58,3499
2019,Junio,Virrey Cevallos y Chile,PB1,3665
2019,Junio,Azopar-do y Mexico,PB2,1515
2019,Junio,Rincon y Carlos Calvo,PB3,2232
2019,Junio,Virrey Liniers y C.Calvo,PB6,2779
2019,Junio,Billin-ghurst y Peron,PB10,5672
2019,Junio,Del Liber-tador y Montevideo,PB11,2620
2019,Junio,Corredor Norte y Casares,PB12,5451
2019,Junio,EEUU y 33 Orientales,PB32,2500
2019,Junio,F. Alcorta y Derecho,PB36,2162
2019,Junio,Montev y Peron,PB37,4741
2019,Junio,Potosi y Rawson,PB39,2393
2019,Junio,J. Alvarez y Padilla,PB40,1983
2019,Junio,Chile y Tacuari,PB44,3861
2019,Junio,Serrano y Loyola,PB45,4697
2019,Junio,Gorriti y G. Cruz,PB46,6215
2019,Junio,Cnel. Diaz y Mansilla,PB48,4117
2019,Junio,11 de Sep y Monroe,PB49,1700
2019,Junio,Arenales y Montevideo,PB52,2632
2019,Junio,M.T. Alvear y Uriburu,PB54,4056
2019,Junio,La Pampa y Superi,PB58,2929
2019,Julio,Virrey Cevallos y Chile,PB1,3142
2019,Julio,Azopar-do y Mexico,PB2,1505
2019,Julio,Rincon y Carlos Calvo,PB3,2675
2019,Julio,Virrey Liniers y C.Calvo,PB6,2835
2019,Julio,Billin-ghurst y Peron,PB10,5963
2019,Julio,Del Liber-tador y Montevideo,PB11,2166
2019,Julio,Corredor Norte y Casares,PB12,3265
2019,Julio,EEUU y 33 Orientales,PB32,2571
2019,Julio,F. Alcorta y Derecho,PB36,2453
2019,Julio,Montev y Peron,PB37,4275
2019,Julio,Potosi y Rawson,PB39,1874
2019,Julio,J. Alvarez y Padilla,PB40,2132
2019,Julio,Chile y Tacuari,PB44,3507
2019,Julio,Serrano y Loyola,PB45,3849
2019,Julio,Gorriti y G. Cruz,PB46,4140
2019,Julio,Cnel. Diaz y Mansilla,PB48,2909
2019,Julio,11 de Sep y Monroe,PB49,1159
2019,Julio,Arenales y Montevideo,PB52,2257
2019,Julio,M.T. Alvear y Uriburu,PB54,4138
2019,Julio,La Pampa y Superi,PB58,3306
